titre,type_media,classification_age,est_violent
Monster Jam Steel Titans 2,Jeu Video,E,FALSE
Subnautica: Below Zero,Jeu Video,ET,TRUE
NIER REPLICANT VER.1.22474487139…,Jeu Video,M,TRUE
Jamestown+,Jeu Video,ET,TRUE
Neptunia Virtual Stars,Jeu Video,T,TRUE
Monster Energy Supercross - The Official Videogame 4,Jeu Video,E,FALSE
Monochrome Order,Jeu Video,T,TRUE
Blightbound,Jeu Video,T,TRUE
Maquette,Jeu Video,ET,FALSE
FATAL FURY™ BATTLE ARCHIVES VOL.2,Jeu Video,T,FALSE
NBA LIVE 20,Jeu Video,E,FALSE
Golden Force,Jeu Video,M,TRUE
Dungreed,Jeu Video,ET,TRUE
The End is Nigh,Jeu Video,M,FALSE
Fallout 76: Steel Dawn,Jeu Video,M,TRUE
Red Dead Online,Jeu Video,M,TRUE
Override 2: Super Mech League – Ultraman Deluxe Edition,Jeu Video,T,TRUE
Turrican Flashback,Jeu Video,ET,TRUE
Sniper Ghost Warrior Contracts 2,Jeu Video,M,TRUE
Surviving the Aftermath,Jeu Video,T,TRUE
Asdivine Menace,Jeu Video,T,TRUE
West of Dead,Jeu Video,T,TRUE
FIVE NIGHTS AT FREDDY'S: HELP WANTED,Jeu Video,T,TRUE
Ruined King: A League of Legends Story,Jeu Video,T,TRUE
Tanuki Justice,Jeu Video,ET,TRUE
Bibi & Tina at the Horse Farm,Jeu Video,E,FALSE
Bugsnax,Jeu Video,ET,TRUE
Bus Simulator 21,Jeu Video,E,FALSE
Five Nights at Freddy's: Core Collection,Jeu Video,T,TRUE
Afterparty,Jeu Video,M,TRUE
EA SPORTS™ FIFA 21 ÉDITION NXT LVL,Jeu Video,E,FALSE
EA SPORTS™ FIFA 21 NXT LEVEL EDITION,Jeu Video,E,FALSE
EA SPORTS™ MADDEN NFL 21 ÉDITION NXT LVL,Jeu Video,E,FALSE
EA SPORTS™ MADDEN NFL 21 NXT LEVEL EDITION,Jeu Video,E,FALSE
My Universe - Pet Clinic Cats and Dogs,Jeu Video,E,FALSE
Empire of Sin,Jeu Video,M,TRUE
Worms Rumble,Jeu Video,ET,TRUE
EarthNight,Jeu Video,ET,TRUE
METAL SLUG ANTHOLOGY™,Jeu Video,T,TRUE
NHL 94 Rewind,Jeu Video,E,FALSE
Story of a Gladiator,Jeu Video,M,TRUE
The TakeOver,Jeu Video,T,TRUE
Space Invaders Forever,Jeu Video,E,TRUE
BALAN WONDERWORLD,Jeu Video,ET,TRUE
HITMAN 3,Jeu Video,M,TRUE
Bubble Bobble 4 Friends: The Baron is Back!,Jeu Video,E,TRUE
Fortnite,Jeu Video,T,TRUE
Fortnite - The Last Laugh Bundle,Jeu Video,T,TRUE
Who Wants to Be a Millionaire?,Jeu Video,E,FALSE
Werewolf: The Apocalypse - Earthblood,Jeu Video,M,TRUE
Asdivine Dios,Jeu Video,ET,TRUE
Les Sims™ 4 Escapade enneigée ,Jeu Video,T,FALSE
Need for Speed Hot Pursuit Remastered,Jeu Video,ET,FALSE
The Sims™ 4 Snowy Escape,Jeu Video,T,FALSE
Professor  Rubik's Brain Fitness,Jeu Video,E,FALSE
Slide Stars,Jeu Video,T,TRUE
My Universe - Cooking Star Restaurant,Jeu Video,E,FALSE
XIII,Jeu Video,M,TRUE
Wallachia: Reign of Dracula,Jeu Video,T,TRUE
TERA,Jeu Video,M,TRUE
PAW Patrol Mighty Pups Save Adventure Bay,Jeu Video,E,FALSE
Watch Dogs Complete Edition,Jeu Video,M,TRUE
Planet Coaster Console Edition,Jeu Video,E,FALSE
THE KING OF FIGHTERS™ COLLECTION: THE OROCHI SAGA,Jeu Video,T,TRUE
Harvest Moon: One World,Jeu Video,E,FALSE
Art of Fighting Anthology ,Jeu Video,T,TRUE
Demon's Tier+,Jeu Video,ET,TRUE
SIMULACRA,Jeu Video,M,FALSE
Space Channel 5 VR Kinda Funky News Flash!,Jeu Video,ET,TRUE
The Complex,Jeu Video,M,TRUE
Prince of Persia: The Sands of Time Remake,Jeu Video,T,TRUE
Shadows of Adam,Jeu Video,T,TRUE
Hellpoint,Jeu Video,M,TRUE
Mad Rat Dead,Jeu Video,T,TRUE
Where the Water Tastes Like Wine,Jeu Video,M,FALSE
Marvel's Spider-Man: Miles Morales,Jeu Video,T,TRUE
MY UNIVERSE - FASHION BOUTIQUE,Jeu Video,E,FALSE
The Walking Dead: Saints & Sinners - Complete Edition,Jeu Video,M,TRUE
Mighty Gunvolt Burst,Jeu Video,E,TRUE
Santa's Xmas Adventure,Jeu Video,E,FALSE
Train Sim World®2: Collector's Edition,Jeu Video,E,FALSE
Ys IX: Monstrum Nox,Jeu Video,T,TRUE
CROSSING SOULS,Jeu Video,M,TRUE
Spacebase Startopia,Jeu Video,ET,TRUE
TRANSFORMERS:BATTLEGROUNDS,Jeu Video,ET,TRUE
Family Feud,Jeu Video,E,FALSE
Taxi Chaos,Jeu Video,ET,TRUE
Remothered: Broken Porcelain,Jeu Video,M,TRUE
Katamari Damacy REROLL,Jeu Video,E,TRUE
Puyo Puyo Tetris 2,Jeu Video,ET,FALSE
Mortal Shell,Jeu Video,M,TRUE
NHL 21,Jeu Video,ET,TRUE
NHL 21 Great Eight Edition,Jeu Video,ET,TRUE
Fishing Sim World: Bass Pro Shops Edition,Jeu Video,E,FALSE
THE KING OF FIGHTERS 2000,Jeu Video,T,FALSE
ROBOTICS;NOTES DaSH,Jeu Video,T,TRUE
Sackboy: A Big Adventure,Jeu Video,E,TRUE
Little Nightmares II,Jeu Video,T,TRUE
DIRT 5,Jeu Video,E,FALSE
FIFA 21,Jeu Video,E,FALSE
Supermarket Shriek,Jeu Video,ET,TRUE
Hotline Miami,Jeu Video,M,TRUE
OLIJA,Jeu Video,T,TRUE
Monster Truck Championship,Jeu Video,E,FALSE
Nickelodeon Kart Racers 2: Grand Prix,Jeu Video,E,TRUE
Hotline Miami 2: Wrong Number ,Jeu Video,M,TRUE
Scott Pilgrim vs. the World: The Game - Complete Edition,Jeu Video,T,TRUE
Star Wars: Squadrons,Jeu Video,T,TRUE
The Walking Dead Onslaught,Jeu Video,M,TRUE
Cobra Kai: The Karate Kid Saga Continues,Jeu Video,T,TRUE
Freedom Finger,Jeu Video,M,TRUE
Just Dance 2021,Jeu Video,E,FALSE
The Dark Pictures Anthology: Little Hope,Jeu Video,M,TRUE
Peaky Blinders: Mastermind,Jeu Video,M,TRUE
Black Desert Prestige Edition,Jeu Video,T,TRUE
Kaze and the Wild Masks,Jeu Video,E,TRUE
Neon City Riders,Jeu Video,ET,TRUE
Neverending Nightmares,Jeu Video,M,TRUE
New Super Lucky's Tale,Jeu Video,E,TRUE
THE LAST BLADE 2,Jeu Video,T,TRUE
Yaga,Jeu Video,T,TRUE
Etherborn,Jeu Video,E,FALSE
Ben 10: Power Trip,Jeu Video,ET,FALSE
Goosebumps Dead of Night,Jeu Video,ET,TRUE
Port Royale 4 ,Jeu Video,ET,FALSE
My Universe : School teacher,Jeu Video,E,FALSE
"Sakuna: Of Rice and Ruin ""Divine Edition""",Jeu Video,T,TRUE
Untitled Goose Game,Jeu Video,E,FALSE
Immortals Fenyx Rising,Jeu Video,T,FALSE
Dying Light: The Following - Enhanced Edition,Jeu Video,M,TRUE
Zengeon,Jeu Video,T,TRUE
The Pathless,Jeu Video,ET,TRUE
Human Fall Flat,Jeu Video,E,FALSE
Power Rangers: Battle for the Grid - Collector's Edition,Jeu Video,T,TRUE
1971 Project Helios,Jeu Video,T,FALSE
Destiny 2: Beyond Light,Jeu Video,T,TRUE
Tin and Kuna ,Jeu Video,E,TRUE
Les Sims™ 4 Star Wars™: Voyage sur Batuu ,Jeu Video,T,FALSE
Los Sims™ 4 Star Wars™: Viaje a Batuu ,Jeu Video,T,FALSE
The Sims™ 4 Star Wars™: Journey to Batuu,Jeu Video,T,FALSE
Assassin's Creed Valhalla,Jeu Video,M,TRUE
Call of Duty®: Black Ops Cold War,Jeu Video,M,TRUE
Tony Stewart's All-American Racing / Tony Stewart's Sprint Car Racing (Bundle),Jeu Video,E,FALSE
G.I. Joe: Operation Blackout,Jeu Video,T,TRUE
Speed 3: Grand Prix,Jeu Video,E,TRUE
Tennis World Tour 2,Jeu Video,E,FALSE
WRC 9 FIA World Rally Championship,Jeu Video,E,FALSE
Earth Defense Force 5,Jeu Video,T,TRUE
GAROU: MARK OF THE WOLVES™,Jeu Video,T,FALSE
One Step From Eden,Jeu Video,ET,TRUE
Return of the Obra Dinn,Jeu Video,M,TRUE
STAR WARS™ Episode I Racer,Jeu Video,E,TRUE
The Dark Crystal: Age of Resistance Tactics,Jeu Video,ET,TRUE
Skydrift Infinity,Jeu Video,ET,TRUE
Volgarr The Viking,Jeu Video,T,TRUE
Madden NFL 21,Jeu Video,E,FALSE
Marvel's Spider-Man: Game of the Year Edition,Jeu Video,T,TRUE
Wasteland 3,Jeu Video,M,TRUE
Darkwood,Jeu Video,M,TRUE
Watch Dogs Legion ,Jeu Video,M,TRUE
Death end re;Quest 2,Jeu Video,M,TRUE
Destroy All Humans!,Jeu Video,T,TRUE
Giraffe and Annika,Jeu Video,E,FALSE
MX vs ATV All Out 2020 Pro Nationals Edition,Jeu Video,ET,TRUE
Fuser,Jeu Video,T,TRUE
Dead Cells: Prisoner's Edition,Jeu Video,T,TRUE
Mystik Belle ,Jeu Video,ET,TRUE
Train Sim World®2,Jeu Video,E,FALSE
Mafia: Definitive Edition,Jeu Video,M,TRUE
Kingdoms of Amalur: Re-Reckoning,Jeu Video,M,TRUE
Street Power Football,Jeu Video,E,FALSE
Street Power Game,Jeu Video,E,FALSE
Street Power Soccer,Jeu Video,E,FALSE
Shantae and the Seven Sirens,Jeu Video,T,FALSE
Atelier Ryza 2: Lost Legends & the Secret Fairy,Jeu Video,T,TRUE
Nexomon: Extinction,Jeu Video,ET,TRUE
The Legend of Heroes: Trails of Cold Steel IV,Jeu Video,T,TRUE
Streets of Rogue,Jeu Video,T,TRUE
RIDE 4,Jeu Video,E,FALSE
eFootball PES 2021 Season Update,Jeu Video,E,FALSE
The Survivalists,Jeu Video,ET,TRUE
Sakuna: Of Rice and Ruin,Jeu Video,T,TRUE
NBA 2K21,Jeu Video,E,FALSE
Effie,Jeu Video,ET,TRUE
Umihara Kawase BaZooKa,Jeu Video,ET,TRUE
Hero Must Die. again,Jeu Video,T,TRUE
Ion Fury,Jeu Video,M,TRUE
Ary and the Secret of Seasons,Jeu Video,ET,TRUE
The Sims™ 4 Nifty Knitting,Jeu Video,T,FALSE
Dragon Quest XI S: Echoes of an Elusive Age - Definitive Edition,Jeu Video,T,TRUE
Fall Guys,Jeu Video,E,TRUE
Outriders,Jeu Video,M,TRUE
Telling Lies,Jeu Video,M,FALSE
Yakuza: Like a Dragon,Jeu Video,M,TRUE
Graveyard Keeper,Jeu Video,T,TRUE
Project CARS 3,Jeu Video,E,FALSE
Maid of Sker,Jeu Video,M,TRUE
Asterix & Obelix XXL 3 – The Crystal Menhir,Jeu Video,ET,FALSE
SUPERHOT: MIND CONTROL DELETE,Jeu Video,T,TRUE
Rocket Arena,Jeu Video,T,TRUE
Rocket Arena Mythic Edition,Jeu Video,T,TRUE
Skully,Jeu Video,E,TRUE
void tRrLM(); //Void Terrarium,Jeu Video,T,TRUE
Bladed Fury,Jeu Video,T,TRUE
UFC 4,Jeu Video,T,TRUE
Cloudpunk,Jeu Video,M,FALSE
CrossCode,Jeu Video,T,TRUE
Seek Hearts,Jeu Video,ET,TRUE
Race with Ryan Road Trip Deluxe Edition,Jeu Video,E,FALSE
HITMAN 2: Free Starter Pack,Jeu Video,M,TRUE
Iris.Fall,Jeu Video,E,TRUE
Mutazione,Jeu Video,T,TRUE
Is It Wrong to Try to Pick Up Girls in a Dungeon? Familia Myth Infinite Combate,Jeu Video,T,TRUE
My Baby,Jeu Video,E,FALSE
KINGDOM HEARTS Melody of Memory,Jeu Video,ET,TRUE
Blair Witch,Jeu Video,M,TRUE
Riverbond,Jeu Video,ET,TRUE
13 Sentinels: Aegis Rim,Jeu Video,T,TRUE
No Straight Roads,Jeu Video,ET,TRUE
Paper Beast,Jeu Video,ET,TRUE
Star Wars Jedi Knight: Jedi Academy,Jeu Video,T,TRUE
THE KING OF FIGHTERS™ '98 ULTIMATE MATCH,Jeu Video,T,FALSE
Crash Bandicoot™ 4: It's About Time,Jeu Video,ET,FALSE
Holy Potatoes! Compendium,Jeu Video,ET,TRUE
Brigandine: The Legend of Runersia,Jeu Video,T,TRUE
Escape Game Fort Boyard,Jeu Video,ET,TRUE
Tales from the Borderlands,Jeu Video,M,TRUE
Hunting Simulator 2,Jeu Video,T,TRUE
Ghost of Tsushima,Jeu Video,M,TRUE
SuperMash,Jeu Video,ET,TRUE
Crysis Remastered,Jeu Video,M,TRUE
Disintegration,Jeu Video,T,TRUE
F1 2020,Jeu Video,E,FALSE
F1 2020 Deluxe Schumacher Edition,Jeu Video,E,FALSE
Spirit of the North,Jeu Video,E,FALSE
Asdivine Kamura,Jeu Video,ET,TRUE
The Last of Us Part II,Jeu Video,M,TRUE
STAR WARS™ Jedi Knight II - Jedi Outcast™,Jeu Video,T,TRUE
The Sims™ 4 Eco Lifestyle,Jeu Video,T,FALSE
The Catch: Carp & Coarse,Jeu Video,E,FALSE
PGA TOUR 2K21,Jeu Video,E,FALSE
Skelattack,Jeu Video,ET,TRUE
Inertial Drift,Jeu Video,E,FALSE
Pathfinder: Kingmaker - Definitive Edition ,Jeu Video,T,TRUE
Tour de France 2020,Jeu Video,E,FALSE
Assetto Corsa Competizione,Jeu Video,E,FALSE
Dark Quest 2,Jeu Video,T,TRUE
Samurai Shodown V Special ,Jeu Video,M,TRUE
Samurai Shodown VI,Jeu Video,T,FALSE
NASCAR Heat 5,Jeu Video,E,FALSE
Skater XL,Jeu Video,E,TRUE
Blaster Master Zero,Jeu Video,E,TRUE
Blaster Master Zero 2,Jeu Video,ET,TRUE
Bounty Battle,Jeu Video,ET,TRUE
Utawarerumono: Prelude to the Fallen,Jeu Video,M,TRUE
Clustertruck,Jeu Video,E,TRUE
The Elder Scrolls Online: Greymoor,Jeu Video,M,TRUE
Call of Duty: Warzone,Jeu Video,M,TRUE
Kandagawa Jet Girls,Jeu Video,T,TRUE
"Kandagawa Jet Girls ""Racing Hearts Edition""",Jeu Video,T,TRUE
Maneater,Jeu Video,M,TRUE
SpongeBob SquarePants: Battle for Bikini Bottom - Rehydrated,Jeu Video,ET,FALSE
Tony Hawk's Pro Skater 1 and 2,Jeu Video,T,FALSE
Mafia II: Definitive Edition,Jeu Video,M,TRUE
Mafia III: Definitive Edition,Jeu Video,M,TRUE
Apex Legends - Pathfinder Edition,Jeu Video,T,TRUE
Golf With Your Friends,Jeu Video,ET,TRUE
Little Town Hero,Jeu Video,ET,TRUE
Budget Cuts,Jeu Video,T,TRUE
Descenders,Jeu Video,E,FALSE
Dungeon of the Endless,Jeu Video,T,TRUE
Regions of Ruin,Jeu Video,ET,TRUE
Bonds of the Skies,Jeu Video,ET,TRUE
Is It Wrong to Try to Pick Up Girls in a Dungeon? Infinite Combate,Jeu Video,T,TRUE
Mortal Kombat 11 Aftermath,Jeu Video,M,TRUE
Cyberpunk 2077,Jeu Video,M,TRUE
Kingdom Two Crowns,Jeu Video,ET,TRUE
Warborn,Jeu Video,ET,TRUE
Pig Eat Ball,Jeu Video,ET,FALSE
The MISSING: J.J. Macfield and the Island of Memories,Jeu Video,M,TRUE
WWE 2K Battlegrounds,Jeu Video,T,TRUE
CAPTAIN TSUBASA: RISE OF NEW CHAMPIONS,Jeu Video,ET,TRUE
Azure Striker GUNVOLT: STRIKER PACK,Jeu Video,T,TRUE
MARVEL'S AVENGERS,Jeu Video,T,TRUE
Trollhunters Defenders of Arcadia,Jeu Video,ET,TRUE
Let's Create! Pottery VR,Jeu Video,E,FALSE
Creature in the Well,Jeu Video,E,TRUE
SWORD ART ONLINE Alicization Lycoris,Jeu Video,T,TRUE
Frane: Dragons' Odyssey,Jeu Video,T,TRUE
Disaster Report 4: Summer Memories,Jeu Video,T,TRUE
LA-MULANA 1 & 2,Jeu Video,T,TRUE
Predator: Hunting Grounds,Jeu Video,M,TRUE
Rápidos y Furiosos: Encrucijada,Jeu Video,T,TRUE
Saints Row: The Third Remastered,Jeu Video,M,TRUE
Moving Out,Jeu Video,E,TRUE
Call of Duty®: Modern Warfare 2 Campaign Remastered,Jeu Video,M,TRUE
Persona 5 Royal,Jeu Video,M,TRUE
SAMURAI SHODOWN NEOGEO COLLECTION,Jeu Video,T,TRUE
SnowRunner,Jeu Video,E,FALSE
Streets of Rage 4,Jeu Video,T,FALSE
Those Who Remain,Jeu Video,M,TRUE
Worse Than Death,Jeu Video,M,TRUE
DOOM 64,Jeu Video,M,TRUE
John Wick Hex,Jeu Video,M,TRUE
INDIGO PROPHECY,Jeu Video,M,TRUE
The Sims™ 4 Vampires,Jeu Video,T,FALSE
Cat Quest II,Jeu Video,ET,TRUE
Google Tilt Brush,Jeu Video,T,TRUE
Immortal Realms: Vampire Wars,Jeu Video,M,TRUE
Yu-Gi-Oh! Legacy of the Duelist: Link Evolution,Jeu Video,T,TRUE
Shikhondo: Soul Eater,Jeu Video,T,TRUE
GORN,Jeu Video,M,TRUE
R.B.I. Baseball '20,Jeu Video,E,FALSE
COMMANDOS 2 & PRAETORIANS: HD REMASTER DOUBLE PACK,Jeu Video,T,TRUE
Void Bastards,Jeu Video,M,TRUE
Daymare: 1998 Black Edition,Jeu Video,M,TRUE
TT Isle of Man - Ride on the Edge 2,Jeu Video,E,FALSE
Under Night In-Birth Exe:Late[cl-r],Jeu Video,T,TRUE
Biped,Jeu Video,E,FALSE
ROBOTICS;NOTES ELITE,Jeu Video,T,TRUE
Fishing Sim World: Pro Tour Collector's Edition,Jeu Video,E,FALSE
Fast & Furious: Crossroads,Jeu Video,T,TRUE
Cooking Mama: Cookstar,Jeu Video,E,FALSE
The Wonderful 101: Remastered,Jeu Video,T,TRUE
MotoGP20,Jeu Video,E,FALSE
Bayonetta,Jeu Video,M,TRUE
Vanquish,Jeu Video,M,TRUE
MLB The Show 20,Jeu Video,E,FALSE
Resident Evil 3,Jeu Video,M,TRUE
-Klaus-,Jeu Video,ET,TRUE
Sephirothic Stories,Jeu Video,ET,TRUE
Tamashii,Jeu Video,M,TRUE
Darksiders Genesis,Jeu Video,T,TRUE
Ikaruga,Jeu Video,ET,TRUE
Real Heroes: Firefighter,Jeu Video,ET,TRUE
Mega Party: A Tootuff Adventure,Jeu Video,T,TRUE
Apex Legends - Octane Edition,Jeu Video,T,TRUE
Marvel's Iron Man VR,Jeu Video,T,TRUE
"Ys: Memories of Celceta ""Timeless Adventurer Edition""",Jeu Video,T,TRUE
GALAK-Z: The Void,Jeu Video,ET,TRUE
Yakuza 5,Jeu Video,M,TRUE
Daymare: 1998,Jeu Video,M,TRUE
Sakura Wars,Jeu Video,T,TRUE
House Flipper,Jeu Video,E,FALSE
Nioh 2,Jeu Video,M,TRUE
ROMANCE OF THE THREE KINGDOMS XIV,Jeu Video,ET,FALSE
ADK DAMASHII,Jeu Video,T,TRUE
Arc of Alchemist,Jeu Video,ET,TRUE
Outer Wilds,Jeu Video,ET,TRUE
Doug Flutie's Maximum Football 2019,Jeu Video,E,FALSE
The Sims™ 4 Tiny Living,Jeu Video,T,FALSE
Ys: Memories of Celceta,Jeu Video,T,TRUE
"Warhammer 40,000: Mechanicus",Jeu Video,T,TRUE
Arcade Spirits,Jeu Video,T,TRUE
Dreams,Jeu Video,T,TRUE
Gigantosaurus The Game ,Jeu Video,E,TRUE
Fallout 76 Wastelanders,Jeu Video,M,TRUE
FAIRY TAIL,Jeu Video,T,TRUE
Fortnite: Darkfire Bundle,Jeu Video,T,TRUE
Fu'un Super Combo,Jeu Video,T,TRUE
7 Days to Die,Jeu Video,M,TRUE
Crypt of the NecroDancer,Jeu Video,T,TRUE
SuperEpic: The Entertainment War,Jeu Video,ET,TRUE
1001 Spikes,Jeu Video,T,TRUE
VA-11 HALL-A: Cyberpunk Bartender Action,Jeu Video,M,FALSE
One Piece: Pirate Warriors 4 ,Jeu Video,T,FALSE
ONE PUNCH MAN: A HERO NOBODY KNOWS,Jeu Video,T,TRUE
FINAL FANTASY VII Remake,Jeu Video,T,FALSE
Five Nights at Freddy's: Help Wanted,Jeu Video,T,TRUE
Street Fighter V: Champion Edition,Jeu Video,T,TRUE
Dynasty Warriors 9 Special Scenario Edition,Jeu Video,T,FALSE
Dynasty Warriors 9 Special Weapon Edition ,Jeu Video,T,FALSE
Langrisser I & II,Jeu Video,T,TRUE
Life is Strange 2 Complete Season,Jeu Video,M,TRUE
Remnant: From the Ashes,Jeu Video,M,TRUE
DOOM Slayers Collection,Jeu Video,M,TRUE
Azur Lane: Crosswave,Jeu Video,T,TRUE
Desperados III,Jeu Video,M,TRUE
Monster Energy Supercross - The Official Videogame 3,Jeu Video,E,FALSE
MY HERO ONE'S JUSTICE 2,Jeu Video,T,TRUE
Ancestors: The Humankind Odyssey,Jeu Video,T,TRUE
AVICII Invector,Jeu Video,T,FALSE
Super Blood Hockey,Jeu Video,M,TRUE
Granblue Fantasy: Versus,Jeu Video,T,TRUE
Need for Speed HEAT,Jeu Video,T,FALSE
Journey to the Savage Planet,Jeu Video,T,TRUE
LA-MULANA 1 & 2 Hidden Treasures Edition,Jeu Video,T,TRUE
Polybius,Jeu Video,ET,TRUE
Trials of Mana,Jeu Video,T,TRUE
Children of Zodiarcs,Jeu Video,T,TRUE
Illusion of L'Phalcia,Jeu Video,ET,TRUE
Legend of the Tetrarchs,Jeu Video,ET,TRUE
The Escapists,Jeu Video,T,TRUE
Worms Battlegrounds,Jeu Video,ET,TRUE
DCL - The Game,Jeu Video,E,FALSE
Shovel Knight: Treasure Trove,Jeu Video,E,TRUE
AO Tennis 2,Jeu Video,E,FALSE
Costume Quest 2,Jeu Video,ET,TRUE
Cities: Skylines Parklife Edition,Jeu Video,E,FALSE
Sniper Ghost Warrior Contracts,Jeu Video,M,TRUE
Slayaway Camp: Butcher´s cut,Jeu Video,M,TRUE
DRAGON BALL Z: KAKAROT,Jeu Video,T,FALSE
Astroneer,Jeu Video,E,TRUE
Jumanji The Video Game,Jeu Video,T,TRUE
Les Sims™ 4 Á la fac,Jeu Video,T,FALSE
Los Sims™ 4 Dias de Universidad,Jeu Video,T,FALSE
Star Wars Jedi: Fallen Order,Jeu Video,T,TRUE
The Sims™ 4 Discover University,Jeu Video,T,FALSE
Garfield Kart: Furious Racing,Jeu Video,E,FALSE
Ghost Parade,Jeu Video,ET,TRUE
Offroad Racing - Buggy X ATV X Moto,Jeu Video,E,FALSE
The Unicorn Princess,Jeu Video,E,FALSE
Ancestors Legacy,Jeu Video,M,TRUE
Away: Journey to the Unexpected,Jeu Video,T,TRUE
MechaNika,Jeu Video,M,TRUE
Valfaris,Jeu Video,M,TRUE
fault - milestone one,Jeu Video,T,TRUE
Alvastia Chronicles,Jeu Video,ET,TRUE
Stranger Things 3: The Game,Jeu Video,T,TRUE
Chronos: Before the Ashes,Jeu Video,T,TRUE
Mighty Switch Force! Collection,Jeu Video,ET,TRUE
Conception PLUS: Maidens of the Twelve Stars,Jeu Video,M,TRUE
Deliver Us The Moon,Jeu Video,T,TRUE
Golem,Jeu Video,T,TRUE
Monkey King Hero is Back,Jeu Video,T,TRUE
The Lord of the Rings Living Card Game,Jeu Video,ET,TRUE
Skulls of the Shogun : Bone-a-Fide Edition,Jeu Video,T,TRUE
Blasphemous,Jeu Video,M,TRUE
GALAK-Z,Jeu Video,ET,TRUE
Dusk Diver,Jeu Video,T,TRUE
Race with Ryan,Jeu Video,E,FALSE
Siralim 3,Jeu Video,T,TRUE
"Soccer, Tactics & Glory",Jeu Video,E,FALSE
Two Point Hospital,Jeu Video,ET,TRUE
Yakuza 4,Jeu Video,M,TRUE
Heroland,Jeu Video,T,TRUE
Heroland - 'Knowble Edition',Jeu Video,T,TRUE
NARCOS: Rise of the Cartels,Jeu Video,M,TRUE
Umihara Kawase Fresh!,Jeu Video,ET,TRUE
BoxVR,Jeu Video,ET,FALSE
Raging Loop,Jeu Video,M,TRUE
The Outer Worlds,Jeu Video,M,TRUE
Hellmut - The Badass From Hell TM,Jeu Video,T,TRUE
World of Warships Legends: Firepower Deluxe Edition,Jeu Video,T,TRUE
Beholder 2,Jeu Video,M,TRUE
Minotaur Arcade Vol. 1,Jeu Video,ET,TRUE
Baldur's Gate: Enhanced Edition / Baldur's Gate II: Enhanced Edition,Jeu Video,T,FALSE
Destiny Connect: Tick-Tock Travelers,Jeu Video,ET,TRUE
Apex Legends - Bloodhound Edition,Jeu Video,T,TRUE
Apex Legends - Lifeline Edition,Jeu Video,T,TRUE
Ice Age: Scrat's Nutty Adventure,Jeu Video,E,TRUE
Marenian Tavern Story: Patty and the Hungry God,Jeu Video,ET,TRUE
Bee Simulator,Jeu Video,E,TRUE
Spirit Hunter: NG,Jeu Video,M,TRUE
Jupiter & Mars,Jeu Video,E,TRUE
Dead by Daylight: Nightmare Edition,Jeu Video,M,TRUE
DOOM Eternal,Jeu Video,M,TRUE
Overpass,Jeu Video,E,FALSE
Death Stranding,Jeu Video,M,TRUE
The Alliance Alive HD Remastered,Jeu Video,ET,TRUE
Trine 4: The Nightmare Prince,Jeu Video,ET,TRUE
Trine Series 1-3,Jeu Video,ET,TRUE
Zombieland Double Tap: Road Trip,Jeu Video,M,TRUE
Sid Meier's Civilization VI,Jeu Video,ET,FALSE
Lifeless Planet: Premier Edition,Jeu Video,T,TRUE
Terminator: Resistance,Jeu Video,M,TRUE
TOKYO GHOUL:re CALL to EXIST,Jeu Video,M,TRUE
The Fisherman - Fishing Planet,Jeu Video,E,FALSE
Battle Princess Madelyn,Jeu Video,ET,TRUE
DayZ,Jeu Video,M,TRUE
Paranoia: Happiness is Mandatory,Jeu Video,T,TRUE
Pillars of Eternity II Deadfire Ultimate Edition,Jeu Video,M,TRUE
Street Outlaws: The List,Jeu Video,ET,FALSE
The Sojourn,Jeu Video,E,FALSE
Wandersong,Jeu Video,ET,TRUE
Wattam,Jeu Video,ET,TRUE
Greedfall,Jeu Video,M,TRUE
Torchlight II,Jeu Video,T,TRUE
MARS ODYSSEY,Jeu Video,E,FALSE
Super Street: The Game,Jeu Video,T,FALSE
Asdivine Hearts II,Jeu Video,T,TRUE
FIFA 20,Jeu Video,E,FALSE
Blacksad: Under the Skin,Jeu Video,M,TRUE
Farmer's Dynasty,Jeu Video,E,FALSE
Gunvolt Chronicles: Luminous Avenger iX,Jeu Video,T,TRUE
Los Sims™ 4 Vida Isleña,Jeu Video,T,FALSE
Los Sims™ 4,Jeu Video,T,FALSE
Northgard,Jeu Video,ET,TRUE
Shadowgate,Jeu Video,T,TRUE
Call of Duty®: Modern Warfare®,Jeu Video,M,TRUE
Concrete Genie,Jeu Video,ET,TRUE
GRID,Jeu Video,E,FALSE
NHL 20,Jeu Video,ET,TRUE
Neverwinter Nights Enhanced Edition,Jeu Video,M,TRUE
INSIDE,Jeu Video,M,TRUE
Rugby 20,Jeu Video,E,FALSE
Disney Classic Games: Aladdin and The Lion King,Jeu Video,ET,FALSE
CarX Drift Racing Online,Jeu Video,E,FALSE
My Friend Pedro ,Jeu Video,M,TRUE
Sayonara Wild Hearts,Jeu Video,ET,TRUE
The Sims™ 4 Realm of Magic,Jeu Video,T,FALSE
Utawarerumono: ZAN,Jeu Video,T,FALSE
Marvel's Spider-Man,Jeu Video,T,TRUE
NBA 2K20,Jeu Video,E,FALSE
Aggelos,Jeu Video,E,TRUE
TOKYO CHRONOS,Jeu Video,M,TRUE
WRC 8 FIA World Rally Championship,Jeu Video,E,FALSE
Stranded Sails - Explorers of the Cursed Islands,Jeu Video,ET,TRUE
Plants vs. Zombies Battle for Neighborville,Jeu Video,ET,TRUE
Plants vs. Zombies: La Batalla Por Neighborville,Jeu Video,ET,TRUE
Amoeba Battle,Jeu Video,E,TRUE
Mega Man Zero/ZX Legacy Collection,Jeu Video,T,TRUE
VR Ping Pong Pro,Jeu Video,E,FALSE
Corpse Killer,Jeu Video,M,TRUE
Timespinner,Jeu Video,T,TRUE
Train Sim World 2020 Collector's Edition,Jeu Video,E,FALSE
Forager,Jeu Video,ET,TRUE
Everspace: Stellar Edition,Jeu Video,T,TRUE
Children of Morta,Jeu Video,T,TRUE
Let's Sing Country,Jeu Video,T,TRUE
Ni No Kuni: Wrath of the White Witch Remastered,Jeu Video,ET,TRUE
Pool Nation,Jeu Video,ET,FALSE
Red Faction,Jeu Video,M,TRUE
Risk of Rain,Jeu Video,ET,TRUE
Risk of Rain 2,Jeu Video,T,TRUE
Slay the Spire ,Jeu Video,ET,TRUE
Atelier Ryza: Ever Darkness & the Secret Hideout,Jeu Video,T,TRUE
Sparklite,Jeu Video,ET,TRUE
Root Letter: Last Answer,Jeu Video,M,TRUE
AeternoBlade II,Jeu Video,T,TRUE
Hunt: Showdown,Jeu Video,M,TRUE
Knights and Bikes,Jeu Video,ET,TRUE
Zombie Army 4: Dead War,Jeu Video,M,TRUE
Yakuza 3,Jeu Video,M,TRUE
Minecraft Dungeons,Jeu Video,ET,TRUE
World of Warships: Legends,Jeu Video,T,TRUE
Harvest Moon: Mad Dash,Jeu Video,E,FALSE
Psychonauts,Jeu Video,T,TRUE
Whispering Willows,Jeu Video,T,TRUE
WWE 2K20,Jeu Video,T,TRUE
Just Dance 2020,Jeu Video,ET,TRUE
GRIS,Jeu Video,E,FALSE
The Sims™ 4 Moschino Stuff Pack,Jeu Video,T,FALSE
The Angry Birds Movie 2 VR: Under Pressure,Jeu Video,E,FALSE
Lichtspeer: Double Speer Edition,Jeu Video,T,TRUE
Madden NFL 20,Jeu Video,E,FALSE
ICEY,Jeu Video,ET,TRUE
NASCAR Heat 4,Jeu Video,E,FALSE
No Man's Sky: Beyond,Jeu Video,T,TRUE
The Shapeshifting Detective,Jeu Video,T,FALSE
Destiny 2: Shadowkeep,Jeu Video,T,TRUE
Destiny 2: New Light,Jeu Video,T,TRUE
Disgaea 4 Complete+,Jeu Video,T,TRUE
Power Rangers: Battle for the Grid,Jeu Video,T,TRUE
Super Monkey Ball: Banana Blitz HD,Jeu Video,ET,TRUE
Kentucky Route Zero: TV Edition,Jeu Video,T,FALSE
The Legend of Heroes: Trails of Cold Steel III,Jeu Video,T,TRUE
Songbird Symphony,Jeu Video,E,FALSE
Grand Theft Auto V,Jeu Video,M,TRUE
Bus Simulator,Jeu Video,E,FALSE
Baldur's Gate Enhanced Edition,Jeu Video,T,FALSE
Tom Clancy's Ghost Recon Breakpoint,Jeu Video,M,TRUE
Growtopia ,Jeu Video,ET,TRUE
Borderlands 3,Jeu Video,M,TRUE
MediEvil,Jeu Video,T,TRUE
The Sims™ 4 Island Living,Jeu Video,T,FALSE
MXGP2019 - The Official Motocross Videogame,Jeu Video,E,FALSE
Planescape Torment / Icewind Dale Enhanced Editions,Jeu Video,T,FALSE
River City Girls,Jeu Video,ET,TRUE
"Penn & Teller VR: Frankly Unfair, Unkind, Unnecessary, & Underhanded",Jeu Video,T,TRUE
Truck Racing Championship,Jeu Video,E,FALSE
Wolfenstein: Cyberpilot,Jeu Video,M,TRUE
Wolfenstein: Youngblood,Jeu Video,M,TRUE
Sea of Solitude,Jeu Video,T,TRUE
The Walking Dead: The Complete First Season,Jeu Video,M,TRUE
The Walking Dead: Season Two,Jeu Video,M,TRUE
Metal Wolf Chaos XD,Jeu Video,T,TRUE
Shenmue III,Jeu Video,T,FALSE
Damascus Gear: Operation Osaka ,Jeu Video,T,TRUE
Damascus Gear: Operation Tokyo,Jeu Video,T,FALSE
Gravity Ghost: Deluxe Edition,Jeu Video,ET,TRUE
METAL SLUG 3,Jeu Video,T,TRUE
"Penn & Teller VR: F U, U, U, & U",Jeu Video,T,TRUE
Rocketbirds 2 Evolution,Jeu Video,T,TRUE
Rocketbirds: Hardboiled Chicken,Jeu Video,T,TRUE
Ghostbusters: The Video Game Remastered,Jeu Video,T,TRUE
Transistor,Jeu Video,T,TRUE
Indivisible,Jeu Video,T,TRUE
F1 2019,Jeu Video,E,FALSE
Farming Simulator 15,Jeu Video,E,FALSE
Another Sight,Jeu Video,E,TRUE
Red Matter,Jeu Video,T,TRUE
Car Mechanic Simulator,Jeu Video,E,FALSE
Monster Jam Steel Titans,Jeu Video,E,FALSE
Mutant Year Zero: Road to Eden,Jeu Video,M,TRUE
Tour de France Season 2019,Jeu Video,E,FALSE
Yooka-Laylee and the Impossible Lair,Jeu Video,E,TRUE
The Ninja Saviors: Return of the Warriors,Jeu Video,T,TRUE
The Dark Pictures Anthology: Man of Medan,Jeu Video,M,TRUE
The Bard's Tale IV: Director's Cut,Jeu Video,T,TRUE
The Surge 2,Jeu Video,M,TRUE
Defender's Quest: Valley of the Forgotten ,Jeu Video,T,TRUE
Roman Rumble in Las Vegum - Astérix & Obélix XXL 2,Jeu Video,ET,FALSE
The Bridge,Jeu Video,E,FALSE
Contra Anniversary Collection,Jeu Video,ET,TRUE
CONTRA ROGUE CORPS,Jeu Video,M,TRUE
eFootball PES 2020,Jeu Video,E,FALSE
Stikbold! A Dodgeball Adventure,Jeu Video,E,TRUE
Dragon Star Varnir,Jeu Video,T,TRUE
Reel Fishing: Road Trip Adventure,Jeu Video,E,FALSE
Trover Saves the Universe,Jeu Video,M,TRUE
Citadel: Forged with Fire,Jeu Video,T,TRUE
Nippon Marathon,Jeu Video,ET,FALSE
Control,Jeu Video,M,TRUE
The Wizards,Jeu Video,T,TRUE
Warhammer: Chaosbane,Jeu Video,M,TRUE
Warhammer: Vermintide 2 - Deluxe Edition,Jeu Video,M,TRUE
Desert Child,Jeu Video,M,TRUE
Constructor Plus,Jeu Video,T,TRUE
Kill la Kill - IF,Jeu Video,M,TRUE
Crystal Crisis,Jeu Video,ET,TRUE
Guacamelee! One-Two Punch Collection,Jeu Video,ET,TRUE
Sairento VR,Jeu Video,M,TRUE
Journey Collector's Edition,Jeu Video,E,TRUE
DEAD OR ALIVE 6: Core Fighters,Jeu Video,M,TRUE
YU-NO: A girl who chants love at the bound of this world.,Jeu Video,M,TRUE
Observation,Jeu Video,M,TRUE
CRYSTAR,Jeu Video,T,TRUE
DATE A LIVE: RIO-REINCARNATION,Jeu Video,M,FALSE
Arcade Archives ARGUS,Jeu Video,E,TRUE
The Sinking City,Jeu Video,M,TRUE
MotoGP19,Jeu Video,E,FALSE
Armored Warfare,Jeu Video,T,TRUE
The Sims™ 4 StrangerVille,Jeu Video,T,FALSE
The Elder Scrolls Online: Elsweyr,Jeu Video,M,TRUE
Streets of Red : Devil's Dare Deluxe,Jeu Video,T,TRUE
The Bard's Tale IV: Barrows Deep,Jeu Video,T,TRUE
Age of Wonders: Planetfall,Jeu Video,T,TRUE
For The King,Jeu Video,T,TRUE
Everybody's Golf VR,Jeu Video,E,FALSE
Sniper Elite V2 Remastered,Jeu Video,M,TRUE
Revenge of the Bird King,Jeu Video,E,TRUE
Close to the Sun,Jeu Video,M,TRUE
Samurai Shodown,Jeu Video,M,TRUE
Bubsy: Paws On Fire!,Jeu Video,E,TRUE
GIGA WRECKER ALT,Jeu Video,T,TRUE
QUAR: INFERNAL MACHINES,Jeu Video,ET,TRUE
UglyDolls Imperfect Adventure,Jeu Video,E,TRUE
Destiny: Le Roi Des Corrompus,Jeu Video,T,TRUE
Destiny,Jeu Video,T,TRUE
Destiny: The Taken King,Jeu Video,T,TRUE
Destiny 2,Jeu Video,T,TRUE
Mortal Kombat 11,Jeu Video,M,TRUE
RAD,Jeu Video,T,TRUE
Dragon Quest Builders 2,Jeu Video,ET,TRUE
Ghost Giant,Jeu Video,E,FALSE
World War Z,Jeu Video,M,TRUE
The Sims™ 4 Spa Day,Jeu Video,T,FALSE
Days Gone,Jeu Video,M,TRUE
Decay of Logos,Jeu Video,T,TRUE
My Time at Portia,Jeu Video,ET,TRUE
World of Warships Legends ,Jeu Video,T,TRUE
Crash™ Team Racing Nitro-Fueled,Jeu Video,ET,FALSE
Kotodama: The 7 Mysteries of Fujisawa,Jeu Video,T,FALSE
Blood & Truth,Jeu Video,M,TRUE
Dangerous Driving,Jeu Video,ET,TRUE
Bomb Chicken,Jeu Video,ET,TRUE
Game Tengoku CruisinMix Special,Jeu Video,T,TRUE
Pix the Cat,Jeu Video,E,TRUE
Arcade Archives OMEGA FIGHTER,Jeu Video,E,TRUE
The Bard's Tale: Remastered and Resnarkled,Jeu Video,T,TRUE
Atelier Lulua ~The Scion of Arland~,Jeu Video,T,TRUE
Airport Simulator 2019,Jeu Video,E,FALSE
Dracula's Legacy,Jeu Video,T,TRUE
Castlevania Anniversary Collection,Jeu Video,T,TRUE
Sword & Fairy 6,Jeu Video,T,FALSE
Rogue Legacy,Jeu Video,ET,TRUE
RAGE 2,Jeu Video,M,TRUE
The Legend of Heroes: Trails of Cold Steel II,Jeu Video,T,TRUE
SEGA® Genesis Classics,Jeu Video,T,TRUE
Spelunky,Jeu Video,T,TRUE
Super Comboman: Smash Edition,Jeu Video,ET,TRUE
Tharsis,Jeu Video,M,TRUE
Prison Boss VR,Jeu Video,T,FALSE
DISSIDIA FINAL FANTASY NT Standard Edition,Jeu Video,T,FALSE
Our World is Ended,Jeu Video,M,TRUE
S.O.N,Jeu Video,M,TRUE
Seven: The Days Long Gone,Jeu Video,M,TRUE
Trüberbrook,Jeu Video,T,TRUE
Xenon Racer,Jeu Video,E,FALSE
Mercenaries Wings: The False Phoenix,Jeu Video,T,TRUE
Duck Game,Jeu Video,ET,TRUE
INFERNO CLIMBER: REBORN,Jeu Video,T,TRUE
Dark Devotion,Jeu Video,M,TRUE
Skyworld,Jeu Video,ET,TRUE
The Princess Guide,Jeu Video,T,TRUE
"Warhammer 40,000: Space Wolf",Jeu Video,M,TRUE
Five Nights at Freddy's VR: Help Wanted,Jeu Video,T,TRUE
ACA NEOGEO BASEBALL STARS 2,Jeu Video,E,TRUE
Borderlands Game of the Year,Jeu Video,M,TRUE
MLB The Show 19,Jeu Video,E,FALSE
SNK 40th Anniversary Collection,Jeu Video,T,TRUE
The Messenger,Jeu Video,ET,TRUE
War Theatre,Jeu Video,T,TRUE
Zanki Zero: Last Beginning,Jeu Video,M,TRUE
Catherine: Full Body,Jeu Video,M,TRUE
Freedom Planet,Jeu Video,ET,TRUE
A Plague Tale : Innocence,Jeu Video,M,TRUE
AI: The Somnium Files,Jeu Video,M,TRUE
RICO,Jeu Video,M,TRUE
ACA NEOGEO THE KING OF FIGHTERS 2001,Jeu Video,T,TRUE
Ghost of a Tale,Jeu Video,ET,TRUE
The Caligula Effect: Overdose,Jeu Video,M,FALSE
The Sims™ 4 Bowling Night Stuff,Jeu Video,T,FALSE
The Sims™ 4 Fitness Stuff,Jeu Video,T,FALSE
Among the Sleep - Enhanced Edition,Jeu Video,T,TRUE
Downwell,Jeu Video,ET,TRUE
Attack of the Earthlings,Jeu Video,T,TRUE
Killing Floor: Incursion ,Jeu Video,M,TRUE
Your Toy,Jeu Video,T,TRUE
Assassin's Creed III Remastered ,Jeu Video,M,TRUE
Super Neptunia RPG,Jeu Video,T,TRUE
Chronus Arc,Jeu Video,ET,TRUE
Shakedown: Hawaii,Jeu Video,T,FALSE
Super Mutant Alien Assault,Jeu Video,T,TRUE
The House in Fata Morgana,Jeu Video,M,TRUE
Blazing Chrome,Jeu Video,T,TRUE
Arcade Archives HEROIC EPISODE,Jeu Video,ET,TRUE
DiRT Rally 2.0,Jeu Video,E,FALSE
Dollhouse,Jeu Video,M,TRUE
Generation Zero,Jeu Video,T,FALSE
MX vs ATV All Out Anniversary Edition,Jeu Video,ET,TRUE
RPG Maker MV,Jeu Video,ET,TRUE
Stellaris: Console Edition,Jeu Video,ET,FALSE
The LEGO Movie 2 Videogame,Jeu Video,ET,FALSE
Anthem,Jeu Video,T,TRUE
Metro Exodus,Jeu Video,M,TRUE
UnExplored,Jeu Video,T,TRUE
HackyZack,Jeu Video,E,FALSE
Hell Warders,Jeu Video,T,TRUE
Rym 9000,Jeu Video,E,TRUE
DreamWorks Dragons Dawn of New Riders,Jeu Video,ET,TRUE
The Sims™ 4 Movie Hangout Stuff,Jeu Video,T,FALSE
American Ninja Warrior: Challenge ,Jeu Video,E,FALSE
Code: Realize ~Wintertide Miracles~,Jeu Video,T,TRUE
Project LUX,Jeu Video,T,FALSE
Judgment,Jeu Video,M,TRUE
8-Bit Invaders!,Jeu Video,ET,TRUE
Bomber Crew: Complete Edition,Jeu Video,ET,TRUE
Death end re;Quest,Jeu Video,M,TRUE
Hyper Jam,Jeu Video,T,TRUE
Evoland Legendary Edition,Jeu Video,ET,TRUE
ToeJam and Earl: Back in the Groove,Jeu Video,ET,TRUE
Glass Masquerade,Jeu Video,E,FALSE
Pipe Push Paradise ,Jeu Video,E,FALSE
Apex Legends,Jeu Video,T,TRUE
Descent ,Jeu Video,ET,TRUE
Jak & Daxter The Precursor Legacy,Jeu Video,ET,TRUE
Jak II,Jeu Video,T,TRUE
Rage Room,Jeu Video,T,TRUE
ToeJam & Earl: Back in the Groove!,Jeu Video,ET,TRUE
UPPERS,Jeu Video,M,FALSE
Lapis x Labyrinth,Jeu Video,ET,TRUE
Life is Strange 2 Episode 2,Jeu Video,M,TRUE
Bloodstained:  Ritual of the Night,Jeu Video,T,TRUE
Wargroove,Jeu Video,ET,TRUE
Redeemer: Enhanced Edition,Jeu Video,M,TRUE
RemiLore: Lost Girl in the Lands of Lore,Jeu Video,ET,FALSE
Dragon Fantasy: Volumes of Westeria,Jeu Video,ET,TRUE
At Sundown,Jeu Video,T,TRUE
Double Switch – 25th Anniversary Edition,Jeu Video,T,TRUE
Neonwall,Jeu Video,E,FALSE
Jak X: Combat Racing,Jeu Video,T,TRUE
Jak 3,Jeu Video,T,TRUE
Far Cry New Dawn,Jeu Video,M,TRUE
ACA NEOGEO THE KING OF FIGHTERS '99,Jeu Video,T,TRUE
R.B.I. Baseball 19,Jeu Video,E,FALSE
YIIK: A Postmodern RPG,Jeu Video,M,FALSE
The Sims™ 4 Get Famous,Jeu Video,T,FALSE
A-Train Express,Jeu Video,E,FALSE
Space Junkies ,Jeu Video,T,TRUE
The Legend of Heroes: Trails of Cold Steel ,Jeu Video,T,TRUE
Lichtspeer,Jeu Video,T,TRUE
Mantis Burn Racing,Jeu Video,ET,TRUE
Legendary Eleven,Jeu Video,E,FALSE
Devil May Cry 5,Jeu Video,M,TRUE
Dust: An Elysian Tail,Jeu Video,ET,TRUE
Forgotton Anne,Jeu Video,ET,TRUE
HUE,Jeu Video,E,TRUE
Lumines Remastered,Jeu Video,ET,FALSE
Tetris Effect,Jeu Video,E,FALSE
Tom Clancy's The Division 2 ,Jeu Video,M,TRUE
Sekiro™: Shadows Die Twice,Jeu Video,M,TRUE
World of Tanks,Jeu Video,T,TRUE
Serious Sam Collection,Jeu Video,M,TRUE
Sundered: Eldritch Edition,Jeu Video,ET,TRUE
VR Apocalypse,Jeu Video,T,TRUE
DEAD OR ALIVE 6,Jeu Video,M,TRUE
JUMP FORCE,Jeu Video,T,TRUE
Grim Fandango Remastered,Jeu Video,T,TRUE
forma.8,Jeu Video,ET,TRUE
Rain World ,Jeu Video,ET,TRUE
The Grand Tour Game,Jeu Video,T,FALSE
Tropico 6 ,Jeu Video,T,FALSE
Life of Pixel,Jeu Video,E,TRUE
Dragonfly Chronicles,Jeu Video,T,TRUE
Realm Royale,Jeu Video,T,TRUE
Warbot,Jeu Video,T,TRUE
Hello Neighbor: Hide and Seek,Jeu Video,T,TRUE
The Last Remnant Remastered,Jeu Video,M,TRUE
Monster Energy Supercross - The Official Videogame 2,Jeu Video,T,FALSE
Arca's Path,Jeu Video,ET,TRUE
Override: Mech City Brawl,Jeu Video,T,TRUE
Smash Hit Plunder,Jeu Video,ET,TRUE
The Sims™ 4 Jungle Adventure,Jeu Video,T,FALSE
Hellblade: Senua's Sacrifice,Jeu Video,M,TRUE
Resident Evil 2,Jeu Video,M,TRUE
SENRAN KAGURA Burst Re:Newal,Jeu Video,M,FALSE
Persona 3: Dancing in Moonlight,Jeu Video,T,TRUE
Persona 4: Dancing All Night,Jeu Video,T,TRUE
Persona 5: Dancing in Starlight,Jeu Video,T,TRUE
Alone With You,Jeu Video,ET,TRUE
Axis Football 2018,Jeu Video,E,FALSE
Farming Simulator 19,Jeu Video,E,FALSE
My Little Riding Champion,Jeu Video,E,FALSE
Rival Megagun,Jeu Video,ET,TRUE
The Council,Jeu Video,M,TRUE
Space Pirate Trainer,Jeu Video,ET,TRUE
Gnomes Garden New Home,Jeu Video,E,FALSE
Darksiders 3,Jeu Video,M,TRUE
Floor Kids,Jeu Video,E,FALSE
Psyvariar Delta,Jeu Video,ET,TRUE
Nelke & the Legendary Alchemists: Ateliers of the New World,Jeu Video,ET,TRUE
DEADBOLT,Jeu Video,T,TRUE
DON'T EVEN THINK,Jeu Video,T,TRUE
Subnautica,Jeu Video,ET,TRUE
TOKI,Jeu Video,ET,TRUE
NieR: Automata Game of the YoRHa Edition,Jeu Video,M,TRUE
GOD EATER 3,Jeu Video,T,TRUE
Trials Rising,Jeu Video,T,TRUE
A Hole New World,Jeu Video,T,TRUE
Achtung! Cthulhu Tactics,Jeu Video,T,TRUE
Boxing Apocalypse,Jeu Video,T,TRUE
Mecho Wars: Desert Ashes,Jeu Video,ET,TRUE
Wreckfest,Jeu Video,T,FALSE
Super Meat Boy,Jeu Video,T,TRUE
Distrust,Jeu Video,T,TRUE
Another World - 20th Anniversary Edition,Jeu Video,T,TRUE
Serial Cleaner,Jeu Video,M,TRUE
Just Deal With It!,Jeu Video,T,FALSE
Wordhunters,Jeu Video,E,FALSE
Youtubers Life,Jeu Video,ET,FALSE
HITMAN 2,Jeu Video,M,TRUE
MINIT,Jeu Video,E,TRUE
PLAYERUNKNOWN'S BATTLEGROUNDS,Jeu Video,T,TRUE
Team Sonic Racing,Jeu Video,E,TRUE
The Sims™ 4 Seasons,Jeu Video,T,FALSE
Ticket to Ride,Jeu Video,E,FALSE
Headlander,Jeu Video,T,TRUE
STEINS;GATE ELITE,Jeu Video,M,TRUE
Kingdom Hearts 3,Jeu Video,ET,TRUE
The Liar Princess and the Blind Prince,Jeu Video,ET,TRUE
Stikbold!,Jeu Video,E,TRUE
Timber Tennis Versus,Jeu Video,ET,TRUE
Battle Chef Brigade Deluxe,Jeu Video,ET,TRUE
Steel Rats,Jeu Video,T,FALSE
The Quiet Man,Jeu Video,M,TRUE
NEKOPARA Vol.1,Jeu Video,M,FALSE
Omen of Sorrow,Jeu Video,T,TRUE
Road Redemption,Jeu Video,M,TRUE
SYREN,Jeu Video,M,TRUE
The Forest,Jeu Video,M,TRUE
THE SHAPESHIFTING DETECTIVE,Jeu Video,T,FALSE
Siralim 2,Jeu Video,T,TRUE
Voyage of the Dead,Jeu Video,M,TRUE
WILL: A Wonderful World,Jeu Video,M,TRUE
Borderlands 2 VR,Jeu Video,M,TRUE
Left Alive,Jeu Video,M,TRUE
OVERKILL'S The Walking Dead,Jeu Video,M,TRUE
Pro Fishing Simulator,Jeu Video,E,FALSE
Super Pixel Racers ,Jeu Video,E,TRUE
Carnival Games,Jeu Video,ET,FALSE
Death Mark,Jeu Video,M,TRUE
Fate/EXTELLA LINK,Jeu Video,T,TRUE
Monstrum,Jeu Video,M,TRUE
Gnomes Garden 2,Jeu Video,E,FALSE
Call of Cthulhu,Jeu Video,M,TRUE
Dream Daddy: A Dad Dating Simulator,Jeu Video,T,FALSE
One Piece World Seeker,Jeu Video,T,FALSE
Chicken Range,Jeu Video,ET,TRUE
Dragon Sinker: Descendants of Legend,Jeu Video,ET,TRUE
Red Dead Redemption 2,Jeu Video,M,TRUE
Song Of Memories,Jeu Video,M,TRUE
BugsBox VR,Jeu Video,E,TRUE
Skyhill,Jeu Video,M,TRUE
8 To Glory,Jeu Video,E,FALSE
Crayola Scoot,Jeu Video,E,FALSE
Neverout,Jeu Video,ET,TRUE
Halloween Forever,Jeu Video,ET,TRUE
PAW Patrol: On A Roll!,Jeu Video,E,FALSE
Project Highrise - Architect's Edition,Jeu Video,ET,FALSE
Fade to Silence,Jeu Video,M,TRUE
Battlefield V,Jeu Video,M,TRUE
PIPE,Jeu Video,E,FALSE
SINNER: Sacrifice for Redemption,Jeu Video,M,TRUE
RIOT - Civil Unrest,Jeu Video,M,TRUE
Fast Striker,Jeu Video,E,TRUE
LEGO DC Super-Villains,Jeu Video,ET,FALSE
Spike Volleyball,Jeu Video,E,FALSE
theHunter: Call of the Wild - 2019 Edition,Jeu Video,T,TRUE
RIDE 3,Jeu Video,E,FALSE
Bendy and the Ink Machine ,Jeu Video,T,TRUE
Outward,Jeu Video,M,TRUE
Beat Saber,Jeu Video,E,FALSE
Deracine,Jeu Video,T,TRUE
Disgaea 1 Complete,Jeu Video,T,TRUE
Evasion,Jeu Video,T,FALSE
My Memory of Us,Jeu Video,ET,TRUE
The Occupation,Jeu Video,T,FALSE
GUNGRAVE VR U.N,Jeu Video,T,TRUE
Just Cause 4,Jeu Video,M,TRUE
THE MIDNIGHT SANCTUARY,Jeu Video,ET,TRUE
My Riding Stables - Life with Horses,Jeu Video,E,FALSE
The Sims™ 4 Spooky Stuff,Jeu Video,T,FALSE
Late Shift,Jeu Video,M,TRUE
Nickelodeon Kart Racers,Jeu Video,E,TRUE
Spintires: MudRunner - American Wilds Edition,Jeu Video,E,FALSE
The Golf Club 2019 Featuring the PGA Tour,Jeu Video,E,FALSE
PixARK,Jeu Video,T,TRUE
Salt & Sanctuary,Jeu Video,M,TRUE
GUNGRAVE VR,Jeu Video,T,TRUE
Catastronauts,Jeu Video,ET,TRUE
FIFA 19,Jeu Video,E,FALSE
Air Missions: Hind,Jeu Video,T,TRUE
DARK ECLIPSE,Jeu Video,T,TRUE
Life is Strange 2: Episode 1,Jeu Video,M,TRUE
Revenant Dogma,Jeu Video,ET,TRUE
Air Missions: HIND,Jeu Video,T,TRUE
Cryptract,Jeu Video,T,TRUE
Hollow Knight,Jeu Video,ET,TRUE
London Detective Mysteria,Jeu Video,M,TRUE
PitterPot,Jeu Video,ET,TRUE
Smoke and Sacrifice,Jeu Video,ET,TRUE
Space Hulk: Tactics,Jeu Video,M,TRUE
The Council - Episode 4 - Burning Bridges,Jeu Video,M,TRUE
Think of the Children ,Jeu Video,T,TRUE
Castlevania Requiem: Symphony of the Night & Rondo of Blood,Jeu Video,T,TRUE
The Door,Jeu Video,M,TRUE
The Gardens Between,Jeu Video,E,FALSE
Heavy Fire: Red Shadow,Jeu Video,T,TRUE
Home Sweet Home,Jeu Video,M,TRUE
Anodyne,Jeu Video,M,FALSE
Astro Bot Rescue Mission,Jeu Video,ET,TRUE
Capcom Beat 'em Up Bundle,Jeu Video,T,TRUE
Downward Spiral: Horus Station,Jeu Video,T,TRUE
Honor and Duty: D-Day,Jeu Video,T,TRUE
Hover,Jeu Video,E,FALSE
Jagged Alliance: Rage!,Jeu Video,M,TRUE
RGX: Showdown,Jeu Video,ET,TRUE
Speed Brawl,Jeu Video,T,TRUE
This Is the Police 2,Jeu Video,M,TRUE
Transference ,Jeu Video,M,TRUE
Unearthing Mars2,Jeu Video,T,TRUE
The First Tree,Jeu Video,E,FALSE
Astérix & Obélix XXL 2,Jeu Video,ET,FALSE
NHL 19,Jeu Video,ET,TRUE
Razed,Jeu Video,E,FALSE
Marble Duel,Jeu Video,ET,TRUE
ACA NEOGEO AGGRESSORS OF DARK KOMBAT,Jeu Video,T,TRUE
Construction Simulator 2 Console Edition,Jeu Video,E,FALSE
Fossil Hunters,Jeu Video,E,TRUE
Boundless,Jeu Video,ET,TRUE
Dakar 18,Jeu Video,E,FALSE
Nefarious,Jeu Video,T,TRUE
Super Street:The Game,Jeu Video,T,FALSE
The Sims™ 4 Get Together,Jeu Video,T,FALSE
Valkyria Chronicles 4,Jeu Video,T,TRUE
Dead Age,Jeu Video,M,TRUE
FINAL FANTASY XV POCKET EDITION HD,Jeu Video,T,TRUE
NASCAR Heat 3,Jeu Video,ET,FALSE
NBA Live 19 The One Edition,Jeu Video,E,FALSE
Sigi - A Fart for Melusina,Jeu Video,T,TRUE
SNK HEROINES Tag Team Frenzy,Jeu Video,T,FALSE
Apocalypse Rider,Jeu Video,E,FALSE
ACA NEOGEO NINJA COMMANDO,Jeu Video,ET,TRUE
Tales of Vesperia: Definitive Edition,Jeu Video,T,TRUE
Arcade Islands: Volume One,Jeu Video,ET,TRUE
Dimension Drive,Jeu Video,ET,TRUE
FullBlast,Jeu Video,ET,FALSE
Genesis Alpha One,Jeu Video,M,TRUE
GRIP,Jeu Video,ET,TRUE
Legendary Fishing,Jeu Video,E,FALSE
Moonfall Ultimate,Jeu Video,T,TRUE
Ninjin: Clash of Carrots,Jeu Video,ET,TRUE
Planet Alpha,Jeu Video,T,TRUE
Onimusha: Warlords,Jeu Video,M,TRUE
Defender's Quest: Valley of the Forgotten DX,Jeu Video,T,TRUE
Bastion,Jeu Video,ET,TRUE
Truck Driver,Jeu Video,E,FALSE
Call of Duty®: Black Ops 4,Jeu Video,M,TRUE
Claybook,Jeu Video,E,FALSE
Phantom Breaker Battle Grounds Overdrive,Jeu Video,ET,TRUE
Shadows: Awakening,Jeu Video,T,TRUE
Taiko no Tatsujin: Drum Session!,Jeu Video,ET,FALSE
Valthirian Arc: Hero School Story,Jeu Video,ET,TRUE
ACA NEOGEO FOOTBALL FRENZY,Jeu Video,E,FALSE
Conarium,Jeu Video,T,TRUE
"Haunted Dungeons ""Hyakki Castle""",Jeu Video,T,TRUE
Bad North,Jeu Video,T,TRUE
Bow To Blood,Jeu Video,ET,TRUE
Bridge Constructor Portal ,Jeu Video,ET,TRUE
Catch & Release,Jeu Video,T,FALSE
Donut County,Jeu Video,E,TRUE
Fernz Gate,Jeu Video,ET,TRUE
Gate Of Doom,Jeu Video,ET,TRUE
Pato Box,Jeu Video,T,TRUE
Punch Line ,Jeu Video,M,TRUE
Shikhondo - Soul Eater,Jeu Video,T,TRUE
Splash Blast Panic,Jeu Video,ET,TRUE
Strange Brigade,Jeu Video,T,TRUE
Sunless Sea: Zubmariner Edition,Jeu Video,T,TRUE
Switchblade,Jeu Video,ET,TRUE
The Golf Club 2019 Featuring the PGA TOUR,Jeu Video,E,FALSE
Torn,Jeu Video,T,TRUE
ACE COMBAT™ 7: SKIES UNKNOWN,Jeu Video,T,TRUE
F1 2018,Jeu Video,E,FALSE
NBA 2K Playgrounds 2,Jeu Video,E,FALSE
Mutant Football League: Dynasty Edition,Jeu Video,M,TRUE
For Honor: Marching Fire Edition,Jeu Video,M,TRUE
TWIN MIRROR,Jeu Video,M,TRUE
WWE 2K19,Jeu Video,T,TRUE
Blade Strangers,Jeu Video,T,TRUE
Little Dragons Café,Jeu Video,ET,FALSE
Friday the 13th: The Game Ultimate Slasher Edition,Jeu Video,M,TRUE
EARTH DEFENSE FORCE 4.1 WING DIVER THE SHOOTER,Jeu Video,T,TRUE
ACA NEOGEO CROSSED SWORDS,Jeu Video,T,TRUE
Out of the Box,Jeu Video,M,TRUE
428: Shibuya Scramble,Jeu Video,T,TRUE
Enter the Gungeon ,Jeu Video,T,TRUE
Guacamelee! 2,Jeu Video,ET,TRUE
Operation Warcade,Jeu Video,T,TRUE
Pizza Titan Ultra,Jeu Video,ET,TRUE
Socketeer,Jeu Video,ET,TRUE
Track Lab,Jeu Video,E,FALSE
EVERSPACE™ Galactic Edition,Jeu Video,T,TRUE
METAL MAX Xeno,Jeu Video,T,TRUE
Persian Nights: Sands of Wonders,Jeu Video,T,TRUE
Treadnauts,Jeu Video,ET,TRUE
ACA NEOGEO GAROU: MARK OF THE WOLVES,Jeu Video,T,TRUE
Just Dance 2019,Jeu Video,E,FALSE
Hero Defense,Jeu Video,ET,TRUE
Brawlout,Jeu Video,ET,TRUE
Death's Gambit,Jeu Video,T,TRUE
Detective Gallo,Jeu Video,ET,FALSE
DOG GONE GOLFING,Jeu Video,E,FALSE
Domino Craft VR,Jeu Video,E,FALSE
Fall of Light ,Jeu Video,T,TRUE
"Guns, Gore and Cannoli 2",Jeu Video,T,TRUE
Phantom Doctrine,Jeu Video,M,TRUE
The Sims™ 4 Laundry Day Stuff,Jeu Video,T,FALSE
The Walking Dead: The Final Season,Jeu Video,M,TRUE
The Walking Dead: The Final Season - Suffer The Children,Jeu Video,M,TRUE
VROOM KABOOM,Jeu Video,ET,TRUE
Wailing Heights,Jeu Video,T,TRUE
TerraTech,Jeu Video,ET,TRUE
Madden NFL 19,Jeu Video,E,FALSE
Scribblenauts Unlimited,Jeu Video,ET,FALSE
Scribblenauts Unmasked - A DC Comics Adventure,Jeu Video,ET,FALSE
WARRIORS OROCHI 4,Jeu Video,T,FALSE
Assassin's Creed Odyssey ,Jeu Video,M,TRUE
ACA NEOGEO METAL SLUG 4,Jeu Video,T,TRUE
We Happy Few: Uncle Jack Live VR,Jeu Video,M,TRUE
Defenders of Ekron - Definitive Edition,Jeu Video,T,TRUE
Electronauts,Jeu Video,E,FALSE
Poop Slinger,Jeu Video,T,TRUE
Slam Land,Jeu Video,ET,TRUE
Tetra's Escape,Jeu Video,E,FALSE
THE DREAMLANDS: AISLING'S QUEST,Jeu Video,ET,TRUE
Word Search by POWGI,Jeu Video,E,FALSE
Steven Universe: Save the Light!,Jeu Video,ET,TRUE
Dead Cells,Jeu Video,T,TRUE
Elliot Quest,Jeu Video,ET,TRUE
NBA 2K19,Jeu Video,E,FALSE
Fist of the North Star: Lost Paradise,Jeu Video,M,TRUE
ACA NEOGEO PREHISTORIC ISLE 2,Jeu Video,T,TRUE
Road to Ballhalla,Jeu Video,E,FALSE
Sonic Mania Plus,Jeu Video,E,TRUE
State of Anarchy: Master of Mayhem,Jeu Video,T,TRUE
The Awesome Adventures of Captain Spirit,Jeu Video,M,TRUE
Pixel Ripped 1989,Jeu Video,ET,TRUE
1979 Revolution: Black Friday,Jeu Video,M,TRUE
8 To Glory - The Official Game of the PBR,Jeu Video,E,FALSE
Anamorphine,Jeu Video,T,TRUE
Castaway Paradise,Jeu Video,E,FALSE
Chasm,Jeu Video,T,TRUE
Fallen Legion: Flames of Rebellion,Jeu Video,ET,TRUE
Maximum Football 2018,Jeu Video,E,FALSE
The Sims™ 4 Cats & Dogs,Jeu Video,T,FALSE
The Wardrobe,Jeu Video,M,TRUE
TOUHOU SKY ARENA MATSURI CLIMAX,Jeu Video,T,FALSE
Flipping Death,Jeu Video,T,TRUE
Qubit's Quest,Jeu Video,ET,TRUE
All-Star Fruit Racing,Jeu Video,E,TRUE
Creed: Rise to Glory,Jeu Video,T,TRUE
Sea of Memories,Jeu Video,E,FALSE
Remothered: Tormented Fathers,Jeu Video,M,TRUE
Detached,Jeu Video,T,TRUE
VRobot,Jeu Video,T,TRUE
The Council - Episode 3 - Ripples ,Jeu Video,M,TRUE
Aces of the Luftwaffe - Squadron,Jeu Video,ET,TRUE
Airheart - Tales of broken Wings,Jeu Video,ET,TRUE
Banner Saga 2,Jeu Video,T,TRUE
Bud Spencer & Terence Hill - Slaps And Beans,Jeu Video,T,TRUE
Candle: The Power of the Flame,Jeu Video,ET,TRUE
Fill-a-Pix: Phil's Epic Adventure,Jeu Video,E,FALSE
Fishing Sim World,Jeu Video,E,FALSE
No Man's Sky,Jeu Video,T,TRUE
Train Sim World,Jeu Video,E,FALSE
Spyro™ Reignited Trilogy,Jeu Video,ET,FALSE
OK K.O.! Let's Play Heroes,Jeu Video,ET,TRUE
Gotcha Racing 2nd,Jeu Video,E,FALSE
Guts and Glory,Jeu Video,M,TRUE
The Mooseman,Jeu Video,ET,TRUE
Super Dungeon Tactics,Jeu Video,ET,TRUE
Gene Rain,Jeu Video,M,TRUE
Chicken Assassin: Reloaded,Jeu Video,T,TRUE
Frost ,Jeu Video,T,TRUE
Hopalong: The Badlands,Jeu Video,T,TRUE
Hungry Shark World,Jeu Video,T,TRUE
Let's Sing 2018,Jeu Video,T,TRUE
Mugsters,Jeu Video,T,TRUE
Race Arcade,Jeu Video,E,FALSE
Super Skull Smash GO! 2 Turbo,Jeu Video,E,TRUE
The Path of Motus,Jeu Video,ET,TRUE
Touhou Genso Wanderer Reloaded,Jeu Video,T,TRUE
MY HERO ONE'S JUSTICE,Jeu Video,T,TRUE
Starlink: Battle for Atlas,Jeu Video,ET,TRUE
Runestone Keeper,Jeu Video,T,TRUE
Koihime Enbu RyoRaiRai,Jeu Video,T,TRUE
BUTCHER,Jeu Video,M,TRUE
IRON CRYPTICLE,Jeu Video,T,TRUE
Black Clover: Quartet Knights,Jeu Video,T,FALSE
Insane Robots,Jeu Video,E,TRUE
The Spectrum Retreat,Jeu Video,T,FALSE
Defiance 2050,Jeu Video,M,TRUE
Super Destronaut DX,Jeu Video,E,TRUE
Ghost 1.0,Jeu Video,ET,TRUE
Bomber Crew,Jeu Video,ET,TRUE
Shadow of the Tomb Raider,Jeu Video,M,TRUE
Animal Force,Jeu Video,E,TRUE
20XX,Jeu Video,ET,TRUE
Dream Match Tennis VR,Jeu Video,E,FALSE
MOTHERGUNSHIP,Jeu Video,T,TRUE
Destiny 2: Forsaken,Jeu Video,T,TRUE
Immortal: Unchained,Jeu Video,T,TRUE
Divinity: Original Sin 2 - Definitive Edition,Jeu Video,M,TRUE
Pro Evolution Soccer 2019,Jeu Video,E,FALSE
ACA NEOGEO SAMURAI SHODOWN V,Jeu Video,T,TRUE
Gnomes Garden 3: The thief of castles,Jeu Video,E,FALSE
Fire Pro Wrestling World,Jeu Video,T,TRUE
V-Rally 4,Jeu Video,E,FALSE
The Unknown City (Horror Begins Now.....Episode 1),Jeu Video,M,TRUE
18 Floors,Jeu Video,ET,TRUE
Hotel Transylvania 3 Monsters Overboard,Jeu Video,ET,TRUE
The Walker,Jeu Video,T,TRUE
We Happy Few,Jeu Video,M,TRUE
Night Trap - 25th Anniversary Edition,Jeu Video,T,TRUE
Thumper,Jeu Video,ET,TRUE
Cosmic Star Heroine,Jeu Video,T,TRUE
ESPER,Jeu Video,ET,FALSE
IKARUGA,Jeu Video,ET,TRUE
Overcooked! 2,Jeu Video,E,FALSE
Shenmue I & II,Jeu Video,T,TRUE
ACA NEOGEO Money Puzzle Exchanger,Jeu Video,T,FALSE
FIGHTING EX LAYER,Jeu Video,T,TRUE
HomeStarVR for PlayStationVR,Jeu Video,E,FALSE
Next Up Hero,Jeu Video,ET,TRUE
Realms of Arkania: Star Trail,Jeu Video,T,TRUE
Tour de France 2018,Jeu Video,E,FALSE
Aquanox Deep Descent,Jeu Video,T,TRUE
ATOMINE,Jeu Video,E,TRUE
Grave Danger,Jeu Video,ET,TRUE
HAJWALA,Jeu Video,E,FALSE
LUMINES REMASTERED,Jeu Video,ET,FALSE
Rainbow Skies,Jeu Video,ET,TRUE
Red Faction Guerrilla Re-Mars-tered,Jeu Video,M,TRUE
Salary Man Escape VR,Jeu Video,E,FALSE
The Night Journey,Jeu Video,M,TRUE
Exile's End,Jeu Video,T,TRUE
Super Kids Racing,Jeu Video,E,FALSE
The Persistence,Jeu Video,M,TRUE
CLANNAD,Jeu Video,T,FALSE
Slime-san: Superslime Edition,Jeu Video,ET,TRUE
ACA NEOGEO THE KING OF FIGHTERS 2000,Jeu Video,T,TRUE
Grab the Bottle,Jeu Video,E,FALSE
Magic Knight Grand Charion,Jeu Video,ET,TRUE
Arcade Archives 10-Yard Fight,Jeu Video,E,FALSE
Ranch Planet,Jeu Video,ET,TRUE
Dark Legion,Jeu Video,M,TRUE
Anima: Gate of Memories -The Nameless Chronicles,Jeu Video,T,TRUE
Haimrik,Jeu Video,M,TRUE
Rooms: The Unsolvable Puzzle,Jeu Video,E,TRUE
Tales of the Tiny Planet,Jeu Video,E,FALSE
The Exorcist: Legion VR,Jeu Video,M,TRUE
The Lost Child,Jeu Video,T,TRUE
The Sims™ 4 Kids Room Stuff,Jeu Video,T,FALSE
The Sims™ 4 Parenthood,Jeu Video,T,FALSE
Kingdom: New Lands,Jeu Video,ET,TRUE
Monster Boy and the Cursed Kingdom,Jeu Video,ET,TRUE
CODE VEIN,Jeu Video,M,TRUE
LEGO The Incredibles,Jeu Video,ET,FALSE
Mega Man 11,Jeu Video,ET,FALSE
SPACE HULK,Jeu Video,T,TRUE
"WARHAMMER 40,000 : DEATHWATCH",Jeu Video,T,TRUE
Slime Rancher,Jeu Video,ET,TRUE
The Banner Saga,Jeu Video,T,FALSE
Banner Saga 3,Jeu Video,T,TRUE
Flashback,Jeu Video,ET,TRUE
The Long Dark,Jeu Video,T,TRUE
SOULCALIBUR VI,Jeu Video,T,TRUE
Arcade Archives MOON PATROL,Jeu Video,E,TRUE
Jurassic World Evolution,Jeu Video,T,TRUE
Omega Strike ,Jeu Video,T,TRUE
Penguin Wars,Jeu Video,E,TRUE
Fallout Shelter,Jeu Video,T,FALSE
Unravel 2,Jeu Video,E,TRUE
Agony,Jeu Video,M,TRUE
Football Nation VR 2018,Jeu Video,E,FALSE
ACA NEOGEO RIDING HERO,Jeu Video,E,FALSE
MotoGP™18,Jeu Video,E,FALSE
Aragami: Shadow Edition,Jeu Video,M,TRUE
Awkward,Jeu Video,M,TRUE
Firewall: Zero Hour,Jeu Video,T,TRUE
Narcosis,Jeu Video,M,TRUE
ONRUSH,Jeu Video,ET,TRUE
Perils of Baking,Jeu Video,ET,TRUE
Riddled Corpses EX,Jeu Video,T,TRUE
RollerCoaster Legends II: Thor's Hammer,Jeu Video,ET,TRUE
Shape of the World,Jeu Video,E,TRUE
The Infectious Madness of Doctor Dekker,Jeu Video,T,FALSE
Toto Temple Deluxe,Jeu Video,E,TRUE
The Aquatic Adventure of the Last Human,Jeu Video,T,TRUE
SPACE HULK ASCENSION,Jeu Video,T,TRUE
Overwatch Legendary Edition,Jeu Video,T,TRUE
Volume,Jeu Video,ET,TRUE
Earth Atlantis,Jeu Video,E,TRUE
Illusion: A Tale of the Mind,Jeu Video,ET,TRUE
Runbow,Jeu Video,E,TRUE
Dragon Quest XI: Echoes of an Elusive Age ,Jeu Video,T,TRUE
ACA NEOGEO NINJA COMBAT,Jeu Video,ET,TRUE
Gekido Kintaro's Revenge,Jeu Video,T,TRUE
Milanoir,Jeu Video,M,TRUE
Minecraft,Jeu Video,ET,TRUE
Personality and Psychology Premium,Jeu Video,M,FALSE
The Journey Down: Chapter Three,Jeu Video,T,FALSE
The Journey Down: Chapter Two,Jeu Video,T,FALSE
Along Together,Jeu Video,E,TRUE
Birdcakes,Jeu Video,ET,TRUE
Black Hat Cooperative,Jeu Video,E,FALSE
Die for Valhalla!,Jeu Video,T,TRUE
Dungeon Rushers,Jeu Video,ET,TRUE
Kabounce,Jeu Video,ET,TRUE
Knights of Pen and Paper +1 Deluxier Edition,Jeu Video,T,TRUE
METAL SLUG XX,Jeu Video,T,TRUE
Oh...Sir! The Hollywood Roast!,Jeu Video,T,FALSE
Old Man's Journey,Jeu Video,E,FALSE
Shift Quantum,Jeu Video,T,TRUE
The Journey Down: Chapter One,Jeu Video,T,FALSE
The Perfect Sniper,Jeu Video,M,TRUE
TO THE TOP,Jeu Video,E,FALSE
Wraith,Jeu Video,T,TRUE
Yoku's Island Express,Jeu Video,ET,TRUE
ZONE OF THE ENDERS: THE 2nd RUNNER - M?RS ,Jeu Video,T,TRUE
Escape Goat 2,Jeu Video,E,TRUE
NARUTO TO BORUTO: SHINOBI STRIKER,Jeu Video,T,FALSE
Siralim,Jeu Video,ET,TRUE
Labyrinth of Refrain: Coven of Dusk,Jeu Video,M,FALSE
PixelJunk Monsters 2,Jeu Video,ET,TRUE
ACA NEOGEO TOP PLAYER'S GOLF,Jeu Video,E,FALSE
Bloodstained: Curse of the Moon,Jeu Video,T,TRUE
Black Desert,Jeu Video,T,TRUE
Disco Dodgeball Remix,Jeu Video,ET,TRUE
EVERSPACE™ - Encounters,Jeu Video,T,TRUE
H1Z1: Battle Royale,Jeu Video,T,TRUE
I Hate Running Backwards,Jeu Video,T,TRUE
One Piece: Grand Cruise,Jeu Video,T,FALSE
Shio,Jeu Video,E,FALSE
Super Hyperactive Ninja,Jeu Video,ET,TRUE
Tennis World Tour,Jeu Video,E,FALSE
The Sims™ 4 Toddler Stuff,Jeu Video,T,FALSE
ACA NEOGEO BASEBALL STARS PROFESSIONAL,Jeu Video,E,FALSE
FOX N FORESTS,Jeu Video,ET,TRUE
Flynn and Freckles,Jeu Video,ET,TRUE
Animal Super Squad,Jeu Video,E,FALSE
Asemblance: Oversight,Jeu Video,T,FALSE
Azure Reflections,Jeu Video,T,TRUE
FORGOTTON ANNE,Jeu Video,ET,TRUE
GoNNER,Jeu Video,ET,TRUE
Horizon Chase Turbo,Jeu Video,E,FALSE
Little Witch Academia: Chamber of Time,Jeu Video,T,FALSE
Monster Slayers ,Jeu Video,T,TRUE
Omensight,Jeu Video,T,TRUE
The Council - Episode 2 - Hide And Seek,Jeu Video,M,TRUE
"Walden, a game",Jeu Video,E,FALSE
Welcome to Hanwell,Jeu Video,M,TRUE
Wizard of Legend,Jeu Video,ET,TRUE
Yakuza: Kiwami 2,Jeu Video,M,TRUE
Game Tengoku CruisinMix,Jeu Video,T,TRUE
MXGP PRO,Jeu Video,E,FALSE
Grim Legends 3: The Dark City,Jeu Video,T,TRUE
Race The Sun,Jeu Video,E,FALSE
ACA NEOGEO SUPER SIDEKICKS 2,Jeu Video,E,FALSE
Laser League,Jeu Video,ET,TRUE
Subaeria,Jeu Video,T,TRUE
2MD VR Football,Jeu Video,E,FALSE
Conan Exiles,Jeu Video,M,TRUE
CoolpaintrVR,Jeu Video,E,FALSE
Death Road to Canada,Jeu Video,T,TRUE
Hyper Sentinel,Jeu Video,E,TRUE
Inksplosion,Jeu Video,E,TRUE
Lunch Truck Tycoon 2,Jeu Video,ET,TRUE
Megadimension Neptunia VIIR,Jeu Video,T,TRUE
Raging Justice,Jeu Video,T,TRUE
Tacoma,Jeu Video,M,FALSE
Trailblazers,Jeu Video,E,FALSE
Tyr: Chains of Valhalla,Jeu Video,ET,TRUE
Warface,Jeu Video,T,TRUE
NEW GUNDAM BREAKER,Jeu Video,T,TRUE
City of Brass,Jeu Video,T,TRUE
Deiland,Jeu Video,ET,TRUE
ACA NEOGEO STAKES WINNER,Jeu Video,E,FALSE
Through the Woods,Jeu Video,M,TRUE
HIVE: Altenum Wars,Jeu Video,T,TRUE
Hex Tunnel Touch,Jeu Video,E,FALSE
Guns of Icarus Alliance,Jeu Video,T,TRUE
Cluster Tumble,Jeu Video,T,TRUE
Detroit: Become Human,Jeu Video,M,TRUE
Killing Floor: Incursion,Jeu Video,M,TRUE
Omega Labyrinth Z,Jeu Video,M,TRUE
Pirate Flight (VR),Jeu Video,E,FALSE
Super Mega Baseball 2,Jeu Video,E,FALSE
Dragon's Crown Pro,Jeu Video,T,TRUE
Hitman: Definitive Edition,Jeu Video,M,TRUE
Mega Man X Legacy Collection,Jeu Video,T,TRUE
Mega Man X Legacy Collection 2,Jeu Video,T,TRUE
Shaq Fu: A Legend Reborn,Jeu Video,T,TRUE
NOBUNAGA'S AMBITION: Taishi,Jeu Video,T,TRUE
Ruiner,Jeu Video,M,TRUE
Dream Angling,Jeu Video,E,FALSE
ACA NEOGEO GHOST PILOTS,Jeu Video,E,FALSE
Home Run Derby VR,Jeu Video,E,FALSE
Spacejacked,Jeu Video,ET,TRUE
Survive! Mr.CUBE (US Ver.),Jeu Video,ET,TRUE
Code51: Mecha Arena,Jeu Video,T,TRUE
Dead Secret,Jeu Video,T,FALSE
Devious Dungeon,Jeu Video,T,TRUE
Emily Wants to Play Too,Jeu Video,T,TRUE
Jolt Family Robot Racer,Jeu Video,E,FALSE
Just In Time Incorporated,Jeu Video,T,TRUE
Pic-a-Pix Color,Jeu Video,E,FALSE
The Swords of Ditto,Jeu Video,ET,TRUE
To Leave,Jeu Video,M,FALSE
Virry VR: Wild Encounters,Jeu Video,E,FALSE
The Elder Scrolls Online: Summerset,Jeu Video,M,TRUE
ACA NEOGEO SAMURAI SHODOWN IV,Jeu Video,T,TRUE
Drive On Moscow,Jeu Video,ET,TRUE
Phantom Trigger,Jeu Video,T,TRUE
The Crew 2,Jeu Video,T,FALSE
 DARK SOULS™: REMASTERED,Jeu Video,M,TRUE
Casey Powell Lacrosse 18,Jeu Video,E,FALSE
Dragooned,Jeu Video,T,TRUE
Harvest Moon: Light of Hope Special Edition,Jeu Video,E,FALSE
Thimbleweed Park,Jeu Video,T,TRUE
Aaero,Jeu Video,ET,TRUE
Dusty Raging Fist,Jeu Video,T,TRUE
ACA NEOGEO Gururin,Jeu Video,T,FALSE
No Heroes Here,Jeu Video,ET,TRUE
Rogue Aces,Jeu Video,ET,TRUE
League of Evil,Jeu Video,T,TRUE
Masters of Anima,Jeu Video,ET,TRUE
Project Nimbus: CODE MIRAI,Jeu Video,M,FALSE
Regalia: Of Men and Monarchs - Royal Edition,Jeu Video,T,TRUE
RICK AND MORTY: VIRTUAL RICK-ALITY,Jeu Video,M,TRUE
Starlit Adventures,Jeu Video,E,TRUE
SUPER AMAZEBALLS,Jeu Video,E,FALSE
Super Daryl Deluxe,Jeu Video,T,TRUE
Time Carnage,Jeu Video,T,TRUE
Frostpunk,Jeu Video,M,TRUE
Mages of Mystralia,Jeu Video,ET,TRUE
Dead Ahead: Zombie Warfare,Jeu Video,T,TRUE
Flight of Light,Jeu Video,E,FALSE
Gal*Gun 2 ,Jeu Video,M,FALSE
Impact Winter,Jeu Video,T,TRUE
Raining Coins,Jeu Video,E,FALSE
Rememoried,Jeu Video,E,FALSE
Bunny Must Die! Chelsea and the 7devils.,Jeu Video,T,TRUE
DAN-GUN Feveron,Jeu Video,E,TRUE
Dead Land,Jeu Video,M,TRUE
Metropolis: Lux Obscura,Jeu Video,M,TRUE
ACA NEOGEO SENGOKU 3,Jeu Video,T,TRUE
AO International Tennis,Jeu Video,E,FALSE
Crisis on the Planet of the Apes,Jeu Video,M,TRUE
Epic Dumpster Bear,Jeu Video,ET,FALSE
Infernium,Jeu Video,M,FALSE
Island Time,Jeu Video,ET,TRUE
Minit,Jeu Video,E,TRUE
OF MICE AND SAND -REVISED-,Jeu Video,ET,TRUE
Pillars of Eternity II: Deadfire,Jeu Video,M,TRUE
Preta: Vendetta Rising,Jeu Video,T,TRUE
Reverie,Jeu Video,E,TRUE
The Adventure Pals,Jeu Video,ET,TRUE
THE KING OF FIGHTERS '97 GLOBAL MATCH,Jeu Video,T,TRUE
Adventure Time Pirates of Enchiridion,Jeu Video,ET,FALSE
Moonlighter,Jeu Video,ET,TRUE
BlazBlue: Cross Tag Battle,Jeu Video,T,FALSE
Vampyr,Jeu Video,M,TRUE
Momodora: Reverie Under the Moonlight,Jeu Video,T,TRUE
Starbound,Jeu Video,ET,TRUE
Code: Realize ~Bouquet of Rainbows~,Jeu Video,T,TRUE
Kero Blaster,Jeu Video,E,TRUE
Ace of Seafood,Jeu Video,T,TRUE
Alchemist's Castle,Jeu Video,ET,TRUE
Ark Park,Jeu Video,T,TRUE
Batman: The Enemy Within - Episode 5: Same Stitch,Jeu Video,M,TRUE
A Way Out,Jeu Video,M,TRUE
L.A. Noire: The VR Case Files,Jeu Video,M,TRUE
"Warhammer 40,000: Inquisitor - Martyr",Jeu Video,M,TRUE
ACA NEOGEO WAKU WAKU 7,Jeu Video,T,FALSE
VR FC (Virtual Reality Football Club),Jeu Video,E,FALSE
Assassin's Creed Rogue Remastered,Jeu Video,M,TRUE
Lunar Stone: Origin of Blood,Jeu Video,T,TRUE
Minefield,Jeu Video,E,FALSE
Where are my friends?,Jeu Video,ET,TRUE
World of Warriors,Jeu Video,T,TRUE
ASSAULT GUNNERS HD EDITION,Jeu Video,ET,TRUE
AUDIOBEATS,Jeu Video,E,FALSE
Don't Bite Me Bro!,Jeu Video,T,TRUE
EARTHLOCK,Jeu Video,ET,TRUE
Floor Plan,Jeu Video,ET,TRUE
Mahjong Gold,Jeu Video,E,FALSE
Octahedron,Jeu Video,ET,TRUE
RollerCoaster Tycoon Joyride,Jeu Video,E,FALSE
Zeus Quest Remastered,Jeu Video,T,TRUE
Earthfall,Jeu Video,T,TRUE
RICK AND MORTY: VIRTUAL RICK-ALITY ,Jeu Video,M,TRUE
Musynx,Jeu Video,ET,TRUE
Kill The Bad Guy,Jeu Video,M,TRUE
Burnout Paradise Remastered,Jeu Video,ET,TRUE
Far Cry 3 Classic Edition,Jeu Video,M,TRUE
GAL*GUNVOLT BURST,Jeu Video,E,TRUE
Super Bomberman R,Jeu Video,ET,FALSE
The American Dream,Jeu Video,M,TRUE
Cruz Brothers,Jeu Video,M,TRUE
Q.U.B.E. 2,Jeu Video,T,FALSE
Tesla vs Lovecraft,Jeu Video,T,TRUE
The 25th Ward: The Silver Case,Jeu Video,M,TRUE
The Council - Episode 1 - The Mad Ones,Jeu Video,M,TRUE
The Long Reach,Jeu Video,M,TRUE
The Sims™ 4 My First Pet Stuff Pack,Jeu Video,T,FALSE
One Eyed Kutkh,Jeu Video,E,FALSE
ACA NEOGEO REAL BOUT FATAL FURY 2,Jeu Video,T,TRUE
Damascus Gear Operation Osaka HD Edition,Jeu Video,T,TRUE
DJMAX RESPECT,Jeu Video,T,TRUE
Fear Effect Sedna,Jeu Video,M,TRUE
Midnight Deluxe,Jeu Video,E,FALSE
NORTH,Jeu Video,T,TRUE
Rangi,Jeu Video,ET,TRUE
Way of the Passive Fist,Jeu Video,T,TRUE
ACA NEOGEO SHOCK TROOPERS 2nd Squad,Jeu Video,T,TRUE
Shining Resonance Refrain,Jeu Video,T,TRUE
Bridge Constructor Portal,Jeu Video,ET,TRUE
Perfect Angle,Jeu Video,E,FALSE
The Raven Remastered,Jeu Video,T,TRUE
Abo Khashem,Jeu Video,T,TRUE
Blasters of the Universe,Jeu Video,T,TRUE
de Blob 2,Jeu Video,ET,TRUE
Frantics,Jeu Video,E,TRUE
Heroine Anthem Zero Episode 1,Jeu Video,T,TRUE
Hex Tunnel,Jeu Video,E,FALSE
Immortal Redneck,Jeu Video,M,FALSE
Konrad the Kitten,Jeu Video,E,FALSE
Moss,Jeu Video,ET,TRUE
Mulaka,Jeu Video,T,TRUE
RESTLESS SPIRIT,Jeu Video,T,TRUE
RiftStar Raiders,Jeu Video,ET,TRUE
Timothy vs the Aliens,Jeu Video,T,TRUE
R.B.I. Baseball 2018,Jeu Video,E,FALSE
ACA NEOGEO MAGICAL DROP III,Jeu Video,T,FALSE
Little Adventure on the Prairie,Jeu Video,ET,TRUE
Suicide Guy,Jeu Video,T,TRUE
Apex Construct,Jeu Video,ET,TRUE
Deadbolt,Jeu Video,T,TRUE
Defender's Quest: Valley of the Forgotten (DX),Jeu Video,T,TRUE
Run Dorothy Run,Jeu Video,ET,TRUE
Symmetry,Jeu Video,T,TRUE
Tiles,Jeu Video,E,FALSE
Premium Pool Arena,Jeu Video,E,FALSE
The Station,Jeu Video,T,TRUE
MLB The Show 18,Jeu Video,E,FALSE
Fe,Jeu Video,E,TRUE
Guilt Battle Arena,Jeu Video,ET,TRUE
The Witch and the Hundred Knight 2,Jeu Video,T,TRUE
ACA NEOGEO THE LAST BLADE 2,Jeu Video,T,TRUE
Drunkn Bar Fight,Jeu Video,M,TRUE
Knockout League,Jeu Video,T,TRUE
Mahjong Carnival,Jeu Video,E,FALSE
Pinstripe,Jeu Video,T,TRUE
Pop-Up Pilgrims,Jeu Video,E,FALSE
Schacht,Jeu Video,E,FALSE
"Slice, Dice & Rice",Jeu Video,M,TRUE
Sprint Vector,Jeu Video,ET,TRUE
The Fall Part 2: Unbound,Jeu Video,T,TRUE
True Fear: Forsaken Souls - Part 1,Jeu Video,T,TRUE
Tom Clancy's Rainbow Six Siege: Advanced Edition,Jeu Video,M,TRUE
South Park: The Stick of Truth,Jeu Video,M,TRUE
MX vs ATV All Out,Jeu Video,ET,TRUE
Devil May Cry HD Collection,Jeu Video,M,TRUE
Under Night In-Birth Exe:Late[st] ,Jeu Video,T,TRUE
Aegis Defenders,Jeu Video,ET,TRUE
ACA NEOGEO BLAZING STAR,Jeu Video,ET,TRUE
Crossing Souls,Jeu Video,M,TRUE
ACA NEOGEO SAMURAI SHODOWN III,Jeu Video,T,TRUE
Bleed 2,Jeu Video,T,TRUE
Dandara,Jeu Video,ET,TRUE
Dragon Sinker,Jeu Video,ET,TRUE
Happy Drummer,Jeu Video,E,FALSE
Happy Drummer VR,Jeu Video,E,FALSE
Inception VR,Jeu Video,M,FALSE
Marooners,Jeu Video,E,TRUE
Frutakia 2,Jeu Video,E,FALSE
Nightmares from the Deep 3: Davy Jones,Jeu Video,T,TRUE
>Observer_,Jeu Video,M,TRUE
Atelier Lydie and Suelle: The Alchemists and the Mysterious Paintings,Jeu Video,T,TRUE
EA Sports UFC3,Jeu Video,T,TRUE
Extinction,Jeu Video,M,TRUE
God of War,Jeu Video,M,TRUE
Cold Iron,Jeu Video,T,TRUE
Titan Quest,Jeu Video,T,FALSE
Wonder Boy: The Dragon's Trap,Jeu Video,ET,TRUE
BRIKS 2,Jeu Video,M,FALSE
Mercenary Kings,Jeu Video,T,TRUE
Out Of Ammo,Jeu Video,T,TRUE
Pierhead Arcade,Jeu Video,ET,TRUE
Railway Empire,Jeu Video,E,FALSE
Strikers Edge,Jeu Video,T,TRUE
Wulverblade,Jeu Video,M,TRUE
Drift Zone,Jeu Video,E,FALSE
Celeste,Jeu Video,ET,TRUE
ACA NEOGEO SHOCK TROOPERS,Jeu Video,T,TRUE
Laws of Machine,Jeu Video,E,FALSE
Wild Turkey Hunter,Jeu Video,T,TRUE
Mutant Football League,Jeu Video,M,TRUE
Batman: The Enemy Within - Episode 4: What Ails You,Jeu Video,M,TRUE
Iconoclasts,Jeu Video,T,TRUE
SWORD ART ONLINE: FATAL BULLET,Jeu Video,T,FALSE
The aquatic Adventure of the Last Human,Jeu Video,T,TRUE
The Inpatient,Jeu Video,M,TRUE
RENTO FORTUNE,Jeu Video,E,FALSE
ACA NEOGEO POWER SPIKES II,Jeu Video,E,FALSE
StarDrone,Jeu Video,E,TRUE
Croixleur Sigma,Jeu Video,ET,TRUE
Albert & Otto,Jeu Video,ET,TRUE
Beholder Complete Edition,Jeu Video,T,TRUE
InnerSpace,Jeu Video,E,FALSE
Kerbal Space Program,Jeu Video,E,FALSE
Portal Of Evil,Jeu Video,T,TRUE
Scribblenauts Showdown,Jeu Video,ET,FALSE
State of Mind,Jeu Video,M,TRUE
Surviving Mars,Jeu Video,ET,TRUE
Flipy's Tesla! Let's invent the future,Jeu Video,E,FALSE
ACA NEOGEO THE KING OF FIGHTERS '98,Jeu Video,T,TRUE
Owlboy,Jeu Video,ET,TRUE
Energy Invasion,Jeu Video,E,FALSE
Little Red Lie,Jeu Video,M,FALSE
Plox Neon,Jeu Video,E,FALSE
Ni no Kuni II: REVENANT KINGDOM,Jeu Video,T,TRUE
FINAL FANTASY XV ROYAL EDITION,Jeu Video,T,TRUE
Street Fighter: 30th Anniversary Collection,Jeu Video,T,TRUE
Metal Gear Survive,Jeu Video,M,TRUE
Far Cry 5,Jeu Video,M,TRUE
TINY METAL,Jeu Video,ET,TRUE
Attack on Titan 2,Jeu Video,M,TRUE
RollerCoaster Legends,Jeu Video,T,FALSE
The BIT.TRIP,Jeu Video,E,TRUE
Gravel,Jeu Video,E,FALSE
SHINY,Jeu Video,E,TRUE
Secret of Mana,Jeu Video,ET,TRUE
Fallen Legion: Sins of an Empire,Jeu Video,ET,TRUE
Home,Jeu Video,T,TRUE
Dynasty Warriors® 9,Jeu Video,T,FALSE
Defunct,Jeu Video,E,FALSE
ACA NEOGEO METAL SLUG 3,Jeu Video,T,TRUE
The Metronomicon: Slay the Dance Floor,Jeu Video,T,TRUE
Typoman,Jeu Video,ET,TRUE
Shooty Fruity,Jeu Video,ET,TRUE
Life is Strange: Before the Storm,Jeu Video,M,TRUE
Dustoff Heli Rescue 2,Jeu Video,ET,TRUE
CAT Interstellar,Jeu Video,ET,TRUE
36 Fragments of Midnight,Jeu Video,E,FALSE
Accounting+,Jeu Video,M,TRUE
Atari Flashback Classics Volume 3,Jeu Video,E,TRUE
Gunhouse,Jeu Video,ET,TRUE
Minecraft: Story Mode - Season Two - Episode 5: Above and Beyond,Jeu Video,ET,TRUE
Ultrawings,Jeu Video,E,FALSE
VirtuGO,Jeu Video,E,FALSE
VR The Diner Duo,Jeu Video,ET,FALSE
Xenon Valkyrie+,Jeu Video,E,TRUE
Circuits,Jeu Video,E,FALSE
Life is Strange: Before the Storm Episode 3,Jeu Video,M,TRUE
Monster Energy Supercross - The Official Videogame,Jeu Video,E,FALSE
Firefighters: Plant Fire Department,Jeu Video,E,TRUE
Digimon Story: Cyber Sleuth - Hacker's Memory,Jeu Video,T,TRUE
Hammerwatch,Jeu Video,T,TRUE
Romancing SaGa 2,Jeu Video,T,TRUE
Gorogoa,Jeu Video,E,FALSE
Lethal League,Jeu Video,ET,TRUE
Dragon's Lair Trilogy,Jeu Video,T,TRUE
Dynasty Feud,Jeu Video,ET,TRUE
Fallen A2P Protocol,Jeu Video,M,TRUE
Gang Beasts,Jeu Video,ET,TRUE
Nine Parchments,Jeu Video,ET,TRUE
One More Dungeon,Jeu Video,T,TRUE
The Rabbit Hole,Jeu Video,T,TRUE
Ultimate Chicken Horse,Jeu Video,ET,TRUE
Vegas Party,Jeu Video,T,FALSE
What Remains of Edith Finch,Jeu Video,T,TRUE
LocoRoco 2,Jeu Video,E,TRUE
Pure Farming 2018,Jeu Video,E,FALSE
Battlestar Galactica Deadlock,Jeu Video,ET,TRUE
Tokyo Xanadu eX+,Jeu Video,T,TRUE
Arcade Archives Traverse USA,Jeu Video,E,FALSE
Invector,Jeu Video,T,FALSE
DRAGON BALL FighterZ,Jeu Video,T,FALSE
Mitch: Berry Challenge,Jeu Video,E,FALSE
Oh My Godheads,Jeu Video,T,TRUE
A Hat in Time,Jeu Video,T,TRUE
Boiling Bolt,Jeu Video,E,TRUE
Justice League VR: The Complete Experience,Jeu Video,T,TRUE
Snow Fortress,Jeu Video,E,TRUE
DISSIDIA FINAL FANTASY NT,Jeu Video,T,FALSE
Monster Hunter: World,Jeu Video,T,TRUE
PAST CURE,Jeu Video,M,TRUE
School Girl/Zombie Hunter,Jeu Video,M,TRUE
ACA NEOGEO WORLD HEROES 2 JET,Jeu Video,T,TRUE
Black Mirror,Jeu Video,M,TRUE
Blue Angels Aerobatic Flight Simulator,Jeu Video,E,FALSE
It's Quiz Time,Jeu Video,E,FALSE
Knights of Valour,Jeu Video,T,TRUE
Layers of Fear : Masterpiece Edition ,Jeu Video,M,TRUE
Sky Force Anniversary,Jeu Video,ET,TRUE
Sky Force Reloaded,Jeu Video,ET,TRUE
STAR OCEAN - THE LAST HOPE - International 4k & Full HD Remaster,Jeu Video,T,TRUE
BLACKHOLE: Complete Edition,Jeu Video,T,TRUE
Rocket League,Jeu Video,E,FALSE
Hello Neighbor,Jeu Video,ET,TRUE
ACA NEOGEO SOCCER BRAWL,Jeu Video,E,TRUE
MONSTER OF THE DEEP: FINAL FANTASY XV,Jeu Video,T,FALSE
Batman: The Enemy Within - Episode 3: Fractured Mask,Jeu Video,T,TRUE
Rec Room,Jeu Video,ET,TRUE
Tempest 4000,Jeu Video,E,TRUE
The Count Lucanor,Jeu Video,T,TRUE
NBA Live 18: The ONE Edition,Jeu Video,E,FALSE
The Seven Deadly Sins  Knights of Britannia,Jeu Video,T,FALSE
Paranormal Activity: The Lost Soul,Jeu Video,M,TRUE
Future Unfolding,Jeu Video,E,TRUE
Double Dragon 4,Jeu Video,ET,TRUE
Claire: Extended Cut,Jeu Video,M,TRUE
Star Wars™ Battlefront™ II,Jeu Video,T,TRUE
ACA NEOGEO KARNOV'S REVENGE,Jeu Video,T,TRUE
Ashes Cricket,Jeu Video,E,FALSE
Revenant Saga,Jeu Video,ET,TRUE
Don't Knock Twice,Jeu Video,M,TRUE
Hitman: Game of the Year Edition,Jeu Video,M,TRUE
Kingdom Come: Deliverance,Jeu Video,M,TRUE
Demon Gaze II,Jeu Video,T,TRUE
Far from Noise,Jeu Video,T,FALSE
The Sims™ 4 Deluxe Party Pack,Jeu Video,T,FALSE
Professional Construction - The Simulation,Jeu Video,E,FALSE
Darkest Dungeon,Jeu Video,T,FALSE
Professional Farmer: American Dream,Jeu Video,E,FALSE
Chaos on Deponia,Jeu Video,T,FALSE
Velocity 2X,Jeu Video,ET,TRUE
Mutant Football League ,Jeu Video,M,TRUE
Need for Speed™ Payback,Jeu Video,T,TRUE
Lost Sphear,Jeu Video,ET,TRUE
ACA NEOGEO STREET HOOP,Jeu Video,E,FALSE
ACE OF SEAFOOD,Jeu Video,T,TRUE
Arcade Archives ELEVATOR ACTION,Jeu Video,ET,TRUE
911 Operator,Jeu Video,T,FALSE
Discovery,Jeu Video,E,FALSE
2064: Read Only Memories,Jeu Video,M,TRUE
Hand of Fate 2,Jeu Video,T,TRUE
League of War: VR Arena,Jeu Video,T,TRUE
Marvel's Guardians of the Galaxy: The Telltale Series - Don't Stop Believin',Jeu Video,T,FALSE
Max: The Curse of Brotherhood,Jeu Video,ET,TRUE
Minecraft: Story Mode - Season Two - Episode 4: Below the Bedrock,Jeu Video,ET,TRUE
Way of Redemption,Jeu Video,ET,FALSE
Ghosts In The Toybox: Chapter 1,Jeu Video,ET,TRUE
Screencheat,Jeu Video,ET,TRUE
DOOM VFR,Jeu Video,M,TRUE
Rock Boshers DX: Director's Cut,Jeu Video,ET,TRUE
Joe's Diner,Jeu Video,ET,FALSE
Super GunWorld 2,Jeu Video,E,TRUE
Nex Machina,Jeu Video,T,TRUE
Pineview Drive,Jeu Video,T,TRUE
L.A. Noire,Jeu Video,M,TRUE
The Walking Dead: A New Frontier,Jeu Video,M,TRUE
Sonic Forces,Jeu Video,ET,TRUE
The Walking Dead: Michonne - A Telltale Miniseries,Jeu Video,M,TRUE
Bravo Team,Jeu Video,T,TRUE
Stifled,Jeu Video,T,TRUE
8-bit Adventure Anthology: Volume I,Jeu Video,ET,TRUE
Maria The Witch,Jeu Video,E,FALSE
MudRunner: A Spintires Game,Jeu Video,E,FALSE
Oure,Jeu Video,E,TRUE
PixelJunk VR™ Dead Hungry,Jeu Video,ET,TRUE
Rabi-Ribi,Jeu Video,T,TRUE
Steven Universe: Save the Light,Jeu Video,ET,TRUE
We Sing Pop,Jeu Video,T,FALSE
Pixel Gear,Jeu Video,ET,TRUE
Crawl,Jeu Video,T,TRUE
River City Melee: Battle Royal Special,Jeu Video,ET,FALSE
Rugby 18,Jeu Video,E,FALSE
AER - Memories of Old,Jeu Video,ET,TRUE
Mahjong Royal Towers,Jeu Video,E,FALSE
Nightmare Boy,Jeu Video,T,TRUE
NUMANTIA,Jeu Video,T,TRUE
Stunt Kite Masters VR,Jeu Video,E,FALSE
Always Sometimes Monsters,Jeu Video,M,TRUE
Bubsy: The Woolies Strike Back,Jeu Video,E,TRUE
de Blob,Jeu Video,E,TRUE
Planet of the Apes: Last Frontier,Jeu Video,M,TRUE
The Mummy Demastered,Jeu Video,ET,TRUE
Yomawari: Midnight Shadows,Jeu Video,M,TRUE
Slayaway Camp,Jeu Video,M,TRUE
Island Flight Simulator,Jeu Video,E,FALSE
Abyss: The Wraiths of Eden,Jeu Video,T,TRUE
Spiral Splatter,Jeu Video,E,FALSE
ACA NEOGEO ROBO ARMY,Jeu Video,ET,TRUE
Life is Strange: Before the Storm Episode 2,Jeu Video,M,TRUE
Mecho Tales,Jeu Video,ET,TRUE
LEGO Marvel Super Heroes 2,Jeu Video,ET,FALSE
Hand of the Gods: SMITE Tactics,Jeu Video,T,TRUE
HEX: Card Clash,Jeu Video,T,TRUE
Megaton Rainfall,Jeu Video,T,TRUE
No Heroes Allowed! VR,Jeu Video,ET,TRUE
The Jackbox Party Pack 4,Jeu Video,T,TRUE
Radial-G: Racing Revolved,Jeu Video,ET,TRUE
Rogue Trooper Redux,Jeu Video,T,TRUE
SHADOW OF THE COLOSSUS,Jeu Video,T,TRUE
Chariot,Jeu Video,E,TRUE
Absolute Drift: Zen Edition,Jeu Video,E,FALSE
Organ Trail Complete Edition,Jeu Video,T,TRUE
Windjammers,Jeu Video,E,FALSE
Beast Quest,Jeu Video,ET,TRUE
Miko Gakkou Monogatari: Kaede Episode,Jeu Video,T,FALSE
The Binding of Isaac: Afterbirth+,Jeu Video,M,TRUE
Armello,Jeu Video,ET,TRUE
Alteric,Jeu Video,E,TRUE
ATV Drift & Tricks,Jeu Video,E,FALSE
Fishing Master,Jeu Video,E,FALSE
The Elder Scrolls V: Skyrim VR,Jeu Video,M,TRUE
Marvel's Guardians of the Galaxy: The Telltale Series - Who Needs You,Jeu Video,T,FALSE
ECHO,Jeu Video,M,TRUE
Fort Defense,Jeu Video,ET,TRUE
Knowledge Is Power,Jeu Video,T,FALSE
Raw Data,Jeu Video,M,TRUE
Singstar Celebration,Jeu Video,T,TRUE
Squareboy vs Bullies: Arena Edition,Jeu Video,E,TRUE
VRog,Jeu Video,E,FALSE
Dead Rising 4: Frank's Big Package,Jeu Video,M,TRUE
3D MiniGolf,Jeu Video,E,FALSE
3D Billiards,Jeu Video,E,FALSE
Bulb Boy,Jeu Video,T,TRUE
Yakuza 6: The Song of Life,Jeu Video,M,TRUE
ACA NEOGEO METAL SLUG X,Jeu Video,T,TRUE
Batman: The Enemy Within - Episode 2: The Pact,Jeu Video,M,TRUE
BATTLE GAREGGA REV.2016,Jeu Video,E,TRUE
Detention,Jeu Video,M,TRUE
EVEREST VR,Jeu Video,E,FALSE
Expand,Jeu Video,E,FALSE
Let Them Come,Jeu Video,M,TRUE
Mystik Belle,Jeu Video,ET,TRUE
Twin Robots,Jeu Video,E,FALSE
Hidden Agenda,Jeu Video,M,TRUE
JYDGE,Jeu Video,T,TRUE
That's You!,Jeu Video,T,TRUE
Deer Hunter: Reloaded,Jeu Video,T,TRUE
Okami HD,Jeu Video,T,TRUE
Rapala Fishing: Pro Series,Jeu Video,E,FALSE
8-Bit Hordes,Jeu Video,ET,TRUE
Steep: Winter Games Edition,Jeu Video,T,FALSE
Steep: Winter Games Gold Edition,Jeu Video,T,FALSE
Call of Duty®: WWII,Jeu Video,M,TRUE
BioShock: 10th Anniversary Edition,Jeu Video,M,TRUE
Ninja Shodown,Jeu Video,T,TRUE
FIFA 18,Jeu Video,E,FALSE
Mahjong World Contest,Jeu Video,E,FALSE
America's Greatest Game Shows: Wheel of Fortune & Jeopardy! ,Jeu Video,E,FALSE
ACA NEOGEO BURNING FIGHT,Jeu Video,T,TRUE
The Evil Within 2,Jeu Video,M,TRUE
Wolfenstein II: The New Colossus,Jeu Video,M,TRUE
Light Tracer,Jeu Video,E,TRUE
Danganronpa V3: Killing Harmony,Jeu Video,M,TRUE
DWVR,Jeu Video,T,TRUE
Hob,Jeu Video,T,TRUE
LIGHTFIELD,Jeu Video,E,FALSE
Pinball FX3,Jeu Video,ET,TRUE
Splasher,Jeu Video,T,TRUE
SteamWorld Dig 2,Jeu Video,ET,TRUE
The Inner World,Jeu Video,T,FALSE
The Inner World - The Last Wind Monk,Jeu Video,ET,TRUE
Voltron VR Chronicles,Jeu Video,ET,TRUE
Caveman Warriors,Jeu Video,ET,TRUE
NHL 18,Jeu Video,ET,TRUE
Revolve,Jeu Video,E,FALSE
SEUM: Speedrunners From Hell,Jeu Video,M,TRUE
The LEGO Ninjago Movie Video Game,Jeu Video,ET,FALSE
ACA NEOGEO SAMURAI SHODOWN II,Jeu Video,T,TRUE
Super Hydorah,Jeu Video,T,TRUE
Burly Men at Sea,Jeu Video,ET,TRUE
Dungeons 3,Jeu Video,T,TRUE
Factotum 90,Jeu Video,E,FALSE
FINAL FANTASY IX,Jeu Video,T,TRUE
Hidden Dragon Legend,Jeu Video,M,TRUE
INK,Jeu Video,E,FALSE
Minecraft: Story Mode - Season Two - Episode 3: Jailhouse Block,Jeu Video,ET,TRUE
Morphite,Jeu Video,T,TRUE
Pankapu,Jeu Video,E,TRUE
Robonauts,Jeu Video,E,TRUE
Shoppe Keep,Jeu Video,T,TRUE
The Coma: Recut,Jeu Video,T,TRUE
The Solus Project,Jeu Video,T,TRUE
RAID: WORLD WAR II,Jeu Video,M,TRUE
Rad Rodgers,Jeu Video,M,TRUE
ACA NEOGEO SPIN MASTER,Jeu Video,ET,TRUE
Arcade Archives HAUNTED CASTLE,Jeu Video,T,TRUE
Jettomero: Hero of the Universe,Jeu Video,ET,TRUE
NBA Live 18,Jeu Video,E,FALSE
WRC 7 FIA World Rally Championship,Jeu Video,E,FALSE
Manifest 99,Jeu Video,ET,TRUE
Blackguards 2,Jeu Video,M,TRUE
Bloody Zombies,Jeu Video,M,TRUE
Butter & Friends: Babysitter Sim,Jeu Video,E,FALSE
Dreambreak,Jeu Video,T,FALSE
Get Over Here,Jeu Video,T,TRUE
Maize,Jeu Video,T,TRUE
NASCAR Heat 2,Jeu Video,E,FALSE
Planet of the Eyes,Jeu Video,ET,TRUE
SAMURAI SHODOWN V SPECIAL,Jeu Video,M,TRUE
Time Recoil,Jeu Video,T,TRUE
Tooth and Tail,Jeu Video,T,TRUE
VR Karts,Jeu Video,E,TRUE
Ys VIII: Lacrimosa of Dana,Jeu Video,T,TRUE
Firefighters: Airport Fire Department,Jeu Video,E,FALSE
Tricky Towers,Jeu Video,E,FALSE
Space Hulk: Deathwing - Enhanced Edition,Jeu Video,M,TRUE
TT Isle of Man,Jeu Video,E,FALSE
Nights of Azure 2: Bride of the New Moon,Jeu Video,T,TRUE
ACA NEOGEO BLUE'S JOURNEY,Jeu Video,E,TRUE
Arcade Archives THE NINJA WARRIORS,Jeu Video,T,TRUE
Senko no Ronde 2,Jeu Video,T,TRUE
Friday the 13th: The Game ,Jeu Video,M,TRUE
Ben 10,Jeu Video,ET,FALSE
Antiquia Lost,Jeu Video,ET,TRUE
Gunducky Industries,Jeu Video,ET,TRUE
Songbringer,Jeu Video,T,TRUE
Spectrum,Jeu Video,E,FALSE
THE INVISIBLE HOURS,Jeu Video,T,TRUE
The Lost Bear,Jeu Video,ET,TRUE
Touhou Kobuto V: Burst Battle,Jeu Video,T,TRUE
Utawarerumono: Mask of Truth,Jeu Video,M,TRUE
WWE 2K18 Cena (Nuff) Edition,Jeu Video,T,TRUE
Wuppo,Jeu Video,E,TRUE
Just Dance 2018,Jeu Video,ET,FALSE
WWE 2K18,Jeu Video,T,TRUE
Assassin's Creed Origins ,Jeu Video,M,TRUE
Real Farm,Jeu Video,E,FALSE
White Noise 2,Jeu Video,M,TRUE
ACA NEOGEO FATAL FURY 3,Jeu Video,T,TRUE
Last Day of June,Jeu Video,E,TRUE
Life is Strange: Before the Storm Episode 1,Jeu Video,M,FALSE
NBA 2K18,Jeu Video,ET,FALSE
Zero Escape: Zero Time Dilemma,Jeu Video,M,TRUE
Feral Fury ,Jeu Video,T,TRUE
Pillars of Eternity,Jeu Video,M,TRUE
X-Morph: Defense,Jeu Video,T,TRUE
Absolver,Jeu Video,T,TRUE
Fishing Planet,Jeu Video,E,FALSE
Obduction,Jeu Video,ET,TRUE
SENRAN KAGURA Peach Beach Splash,Jeu Video,M,TRUE
Sneaky Bears,Jeu Video,T,TRUE
SPARC,Jeu Video,E,FALSE
Still Time,Jeu Video,T,TRUE
Surf World Series,Jeu Video,E,FALSE
